Workbook

Sheet 조사양식
A1: NewSerials | B1: NewNo. | C1: 사업장명 | D1: 자재코드 | E1: 자재명 | F1: 내자/외자 | G1: 현재 취급 유무 (O/X 선택) | H1: 공정명 | I1: 사용부서명 | J1: 제조업체명 | K1: 공급업체명 | L1: 공급업체코드 | M1: 자재용도 | N1: 자재용도(세부) | O1: 자재구분 | P1: 성상 | Q1: 국내 구매량(kg) 2022 | R1: 국내 구매량(kg) 2022 계획 | S1: 수입량(kg) 2022 | T1: 수입량(kg) 2022 계획 | U1: 사용량(kg) 2023 계획 | V1: 사용량(kg) | W1: (*자동생성)MSDS 명 (사용부서_자재명_제조업체명) | X1: 구성성분 명 | Y1: 함량(wt%) 평균값 | Z1: 함량 최소값 (수치) | AA1: 함량 최대값 (수치) | AB1: 함량(W%) | AC1: 성분용도 | AD1: 대외비여부 | AE1: MSDS여부 | AF1: GHS여부 | AG1: 비고 | AH1: CAS No. | AI1: 물질량(kg) | AJ1: EC No. | AK1: UN No. | AL1: 물질명 | AM1: MSDS 내 CAS No. (수화물) | AN1: 신규물질 | AO1: 등록대상기존화학물질 | AP1: 기존화학물질번호 | AQ1: 유독물질 고시번호 | AR1: 제품_유독물질 | AS1: 금지물질 고시번호 | AT1: 제품_금지물질 | AU1: 제한물질 고시번호 | AV1: 제품_제한물질 | AW1: 사고대비물질명 | AX1: 제품 사고대비물질 | AY1: 사고대비물질 저장(kg) | AZ1: 사고대비물질 취급량 기준(kg/yr) | BA1: 사고대비물질_호흡보호구 | BB1: 사고대비물질_보호복 | BC1: 사고대비물질_보호장갑 | BD1: 배출량조사 I(1ton) | BE1: 배출량조사 II(10ton) | BF1: 산안법_금지물질 | BG1: 산안법_허가물질 제품 | BH1: 산안법_특별관리물질 제품 | BI1: 산안법_관리대상유해물질 제품 | BJ1: 산안법_허용기준이하물질 제품 | BK1: 산안법_허용기준이하물질 농도(TWA_mg/m3) | BL1: 산안법_노출기준설정물질 제품 | BM1: 산안법_노출기준설정물질(TWA_ppm) | BN1: 산안법_노출기준설정물질(TWA_mg/m3) | BO1: 산안법_노출기준설정물질(STEL_ppm) | BP1: 산안법_노출기준설정물질(STEL_mg/m3) | BQ1: 산안법_노출기준설정물질(Ceiling_ppm) | BR1: 산안법_노출기준설정물질(Ceiling_mg/m3) | BS1: 산안법_노출기준설정물질(skin notation) | BT1: 산안법_작업환경측정대상유해인자 | BU1: 산안법_특수건강진단대상유해인자 | BV1: 고용노동부고시_발암성물질 | BW1: 고용노동부고시_생식세포변이원성물질 | BX1: 고용노동부고시_생식독성물질 | BY1: 위험물안전관리법_위험물분류 | BZ1: 고압가스안전관리법_독성가스 | CA1: 고압가스안전관리법_가연성가스 | CB1: 고압가스안전관리법_특수고압가스 | CC1: 고압가스안전관리법_특정고압가스 | CD1: 화관법_개별화학물질_취급기준(별표1)
A2: 1 | C2: 삼화당피앤티 | E2: ho 402 | F2: 내자 | G2: O | H2: 윤전 | I2: 인쇄 | J2: ㈜화승인더스트리 | K2: ㈜화승인더스트리 | M2: 원부자재 | N2: 옵셋 윤전 인쇄용 | O2: 혼합물 | P2: 고체 | Q2: 200 | R2: 200 | U2: 200 | V2: 200 | W2: =표1[[#This Row],[자재코드]]&"_"&표1[[#This Row],[자재명]]&"_"&표1[[#This Row],[공급업체명]] -> _ho 402_㈜화승인더스트리 | X2: 실리카 수화물 | AB2: 0.9 | AC2: 코팅제 | AD2: X | AE2: O | AF2: O | AH2: 112926-00-8 | AI2: =IFERROR(표1[[#This Row],[사용량(kg)]]*표1[[#This Row],[함량(W%)]]/100,"") -> 1.8 | AR2: =IFERROR(IF(표1[[#This Row],[함량(W%)]]>=VLOOKUP(표1[[#This Row],[CAS No.]],[1]규제DB_유해법_유독물!B:F,5,FALSE),"유독물질 제품",""),"") | AS2: =IFERROR(VLOOKUP(표1[[#This Row],[CAS No.]],[1]규제DB_유해법_금지물질!B:G,3,FALSE),"") | AT2: =IFERROR(VLOOKUP(표1[[#This Row],[CAS No.]],[1]규제DB_유해법_금지물질!B:G,4,FALSE)&" 인지 확인하세요","") | AU2: =IFERROR(VLOOKUP(표1[[#This Row],[CAS No.]],[1]규제DB_유해법_제한물질!B:G,3,FALSE),"") | AV2: =IFERROR(IF(표1[[#This Row],[함량(W%)]]>=VLOOKUP(표1[[#This Row],[CAS No.]],[1]규제DB_유해법_제한물질!$B:$G,5,FALSE),"제한 제품",""),"") | BA2: =IFERROR(IF(표1[[#This Row],[함량(W%)]]>=VLOOKUP(표1[[#This Row],[CAS No.]],[1]규제DB_유해법_사고대비물질!$B:$J,4,FALSE),VLOOKUP(표1[[#This Row],[CAS No.]],[1]규제DB_유해법_사고대비물질!$B$2:$J$70,7,FALSE),""),"") | BB2: =IFERROR(IF(표1[[#This Row],[함량(W%)]]>=VLOOKUP(표1[[#This Row],[CAS No.]],[1]규제DB_유해법_사고대비물질!$B:$J,4,FALSE),VLOOKUP(표1[[#This Row],[CAS No.]],[1]규제DB_유해법_사고대비물질!$B$2:$J$70,8,FALSE),""),"") | BC2: =IFERROR(IF(표1[[#This Row],[함량(W%)]]>=VLOOKUP(표1[[#This Row],[CAS No.]],[1]규제DB_유해법_사고대비물질!$B:$J,4,FALSE),VLOOKUP(표1[[#This Row],[CAS No.]],[1]규제DB_유해법_사고대비물질!$B$2:$J$70,9,FALSE),""),"") | BD2: =IFERROR(IF(표1[[#This Row],[함량(W%)]]>=VLOOKUP(표1[[#This Row],[CAS No.]],'[1]규제DB_유해법_배출량조사 I'!$B:$D,3,FALSE),IF(VLOOKUP(표1[[#This Row],[CAS No.]],[1]기초자료!$A:$C,3,FALSE)>=1000,"배출량조사 I 물질",""),""),"") | BE2: =IFERROR(IF(표1[[#This Row],[함량(W%)]]>=VLOOKUP(표1[[#This Row],[CAS No.]],'[1]규제DB_유해법_배출량조사 II'!B:D,3,FALSE),IF(VLOOKUP(표1[[#This Row],[CAS No.]],[1]기초자료!$A:$C,3,FALSE)>=10000,"배출량조사 II 물질",""),""),"") | BF2: =IFERROR(IF(표1[[#This Row],[함량(W%)]]>=VLOOKUP(표1[[#This Row],[CAS No.]],[1]규제DB_산안법_금지물질!$B:$E,4,FALSE), VLOOKUP(표1[[#This Row],[CAS No.]],[1]규제DB_산안법_금지물질!$B:$E,2,FALSE)&" : "&VLOOKUP(표1[[#This Row],[CAS No.]],[1]규제DB_산안법_금지물질!$B:$E,3,FALSE)&" 인지 확인하세요",""),"") | BG2: =IFERROR(IF(표1[[#This Row],[함량(W%)]]>=VLOOKUP(표1[[#This Row],[CAS No.]],[1]규제DB_산안법_허가물질!$B:$E,4,FALSE), "제품 허가물질",""),"") | BH2: =IFERROR(IF(표1[[#This Row],[함량(W%)]]>=VLOOKUP(표1[[#This Row],[CAS No.]], [1]규제DB_산안법_특별관리물질!$B:$E,4,FALSE), "제품 특별관리물질",""),"") | BI2: =IFERROR(IF(표1[[#This Row],[함량(W%)]]>=VLOOKUP(표1[[#This Row],[CAS No.]], [1]규제DB_산안법_관리대상유해물질!$B:$E,4,FALSE), "제품 관리대상유해물질",""),"") | BJ2: =IFERROR(IF(표1[[#This Row],[CAS No.]]=VLOOKUP(표1[[#This Row],[CAS No.]], [1]규제DB_산안법_허용기준이하물질!$B:$D,1,FALSE),"제품 허용기준이하물질",""),"") | BK2: =IFERROR(VLOOKUP(표1[[#This Row],[CAS No.]], [1]규제DB_산안법_허용기준이하물질!$B:$D,3,FALSE),"") | BQ2: =IFERROR(VLOOKUP(표1[[#This Row],[CAS No.]], [1]규제DB_산안법_노출기준설정물질!$B:$K,8,FALSE),"") | BR2: =IFERROR(VLOOKUP(표1[[#This Row],[CAS No.]], [1]규제DB_산안법_노출기준설정물질!$B:$K,9,FALSE),"") | BS2: =IFERROR(VLOOKUP(표1[[#This Row],[CAS No.]], [1]규제DB_산안법_노출기준설정물질!$B:$K,10,FALSE),"") | BV2: =IFERROR(IF(VLOOKUP(표1[[#This Row],[CAS No.]],[1]규제DB_고용노동부고시_CMR!$B:$J,3,FALSE)="구분1A", IF(표1[[#This Row],[함량(W%)]]>=VLOOKUP(표1[[#This Row],[CAS No.]],[1]규제DB_고용노동부고시_CMR!$B:$J,4,FALSE),"제품 발암성물질",""), IF(VLOOKUP(표1[[#This Row],[CAS No.]],[1]규제DB_고용노동부고시_CMR!$B:$J,3,FALSE)="구분1B", IF(표1[[#This Row],[함량(W%)]]>=VLOOKUP(표1[[#This Row],[CAS No.]],[1]규제DB_고용노동부고시_CMR!$B:$J,4,FALSE),"제품 발암성물질",""), IF(VLOOKUP(표1[[#This Row],[CAS No.]],[1]규제DB_고용노동부고시_CMR!$B:$J,3,FALSE)="구분2", IF(표1[[#This Row],[함량(W%)]]>=VLOOKUP(표1[[#This Row],[CAS No.]],[1]규제DB_고용노동부고시_CMR!$B:$J,4,FALSE),"제품 발암성물질",""),""))),"") | BW2: =IFERROR(IF(VLOOKUP(표1[[#This Row],[CAS No.]],[1]규제DB_고용노동부고시_CMR!$B:$J,5,FALSE)="구분1A", IF(표1[[#This Row],[함량(W%)]]>=VLOOKUP(표1[[#This Row],[CAS No.]],[1]규제DB_고용노동부고시_CMR!$B:$J,6,FALSE),"제품 생식세포변이원성물질",""), IF(VLOOKUP(표1[[#This Row],[CAS No.]],[1]규제DB_고용노동부고시_CMR!$B:$J,5,FALSE)="구분1B", IF(표1[[#This Row],[함량(W%)]]>=VLOOKUP(표1[[#This Row],[CAS No.]],[1]규제DB_고용노동부고시_CMR!$B:$J,6,FALSE),"제품 생식세포변이원성물질",""), IF(VLOOKUP(표1[[#This Row],[CAS No.]],[1]규제DB_고용노동부고시_CMR!$B:$J,5,FALSE)="구분2", IF(표1[[#This Row],[함량(W%)]]>=VLOOKUP(표1[[#This Row],[CAS No.]],[1]규제DB_고용노동부고시_CMR!$B:$J,6,FALSE),"제품 생식세포변이원성물질",""),""))),"") | BX2: =IFERROR(IF(VLOOKUP(표1[[#This Row],[CAS No.]],[1]규제DB_고용노동부고시_CMR!$B:$J,7,FALSE)="구분1A", IF(표1[[#This Row],[함량(W%)]]>=VLOOKUP(표1[[#This Row],[CAS No.]],[1]규제DB_고용노동부고시_CMR!$B:$J,8,FALSE),"제품 생식독성물질",""), IF(VLOOKUP(표1[[#This Row],[CAS No.]],[1]규제DB_고용노동부고시_CMR!$B:$J,7,FALSE)="구분1B", IF(표1[[#This Row],[함량(W%)]]>=VLOOKUP(표1[[#This Row],[CAS No.]],[1]규제DB_고용노동부고시_CMR!$B:$J,8,FALSE),"제품 생식독성물질",""), IF(VLOOKUP(표1[[#This Row],[CAS No.]],[1]규제DB_고용노동부고시_CMR!$B:$J,7,FALSE)="구분2", IF(표1[[#This Row],[함량(W%)]]>=VLOOKUP(표1[[#This Row],[CAS No.]],[1]규제DB_고용노동부고시_CMR!$B:$J,8,FALSE),"제품 생식독성물질",""),""))),"") | BY2: =IFERROR(VLOOKUP(표1[[#This Row],[CAS No.]],[1]규제DB_위험물안전관리법_위험물!$B:$F,3,FALSE),"") | BZ2: =IFERROR(IF(표1[[#This Row],[CAS No.]]=VLOOKUP(표1[[#This Row],[CAS No.]],[1]규제DB_고압법_독성가스!$B:$D,1,FALSE),"독성가스",""),"") | CA2: =IFERROR(IF(표1[[#This Row],[CAS No.]]=VLOOKUP(표1[[#This Row],[CAS No.]],[1]규제DB_고압법_가연성가스!$B:$D,1,FALSE),"가연성가스",""),"") | CB2: =IFERROR(IF(표1[[#This Row],[CAS No.]]=VLOOKUP(표1[[#This Row],[CAS No.]],[1]규제DB_고압법_특수고압가스!$B:$D,1,FALSE),"특수고압가스",""),"") | CC2: =IFERROR(IF(표1[[#This Row],[CAS No.]]=VLOOKUP(표1[[#This Row],[CAS No.]],[1]규제DB_고압법_특정고압가스!$B:$D,1,FALSE),"특정고압가스",""),"") | CD2: =IFERROR(IF(표1[[#This Row],[함량(W%)]]>=VLOOKUP(표1[[#This Row],[CAS No.]],[1]규제DB_화관법_개별취급기준!$B:$G,5,FALSE),VLOOKUP(표1[[#This Row],[CAS No.]],[1]규제DB_화관법_개별취급기준!$B:$G,6,FALSE),""),"")
A3: 2 | C3: 삼화당피앤티 | E3: ho 402 | F3: 내자 | G3: O | H3: 윤전 | I3: 인쇄 | J3: ㈜화승인더스트리 | K3: ㈜화승인더스트리 | M3: 원부자재 | N3: 옵셋 윤전 인쇄용 | O3: 혼합물 | P3: 고체 | Q3: 200 | R3: 200 | U3: 200 | V3: 200 | W3: =표1[[#This Row],[자재코드]]&"_"&표1[[#This Row],[자재명]]&"_"&표1[[#This Row],[공급업체명]] -> _ho 402_㈜화승인더스트리 | X3: 폴리에틸렌(POLYETHYLENE) | AB3: 9 | AC3: 코팅제 | AD3: X | AE3: O | AF3: O | AH3: 9002-88-4 | AI3: =IFERROR(표1[[#This Row],[사용량(kg)]]*표1[[#This Row],[함량(W%)]]/100,"") -> 18 | AR3: =IFERROR(IF(표1[[#This Row],[함량(W%)]]>=VLOOKUP(표1[[#This Row],[CAS No.]],[1]규제DB_유해법_유독물!B:F,5,FALSE),"유독물질 제품",""),"") | AS3: =IFERROR(VLOOKUP(표1[[#This Row],[CAS No.]],[1]규제DB_유해법_금지물질!B:G,3,FALSE),"") | AT3: =IFERROR(VLOOKUP(표1[[#This Row],[CAS No.]],[1]규제DB_유해법_금지물질!B:G,4,FALSE)&" 인지 확인하세요","") | AU3: =IFERROR(VLOOKUP(표1[[#This Row],[CAS No.]],[1]규제DB_유해법_제한물질!B:G,3,FALSE),"") | AV3: =IFERROR(IF(표1[[#This Row],[함량(W%)]]>=VLOOKUP(표1[[#This Row],[CAS No.]],[1]규제DB_유해법_제한물질!$B:$G,5,FALSE),"제한 제품",""),"") | BA3: =IFERROR(IF(표1[[#This Row],[함량(W%)]]>=VLOOKUP(표1[[#This Row],[CAS No.]],[1]규제DB_유해법_사고대비물질!$B:$J,4,FALSE),VLOOKUP(표1[[#This Row],[CAS No.]],[1]규제DB_유해법_사고대비물질!$B$2:$J$70,7,FALSE),""),"") | BB3: =IFERROR(IF(표1[[#This Row],[함량(W%)]]>=VLOOKUP(표1[[#This Row],[CAS No.]],[1]규제DB_유해법_사고대비물질!$B:$J,4,FALSE),VLOOKUP(표1[[#This Row],[CAS No.]],[1]규제DB_유해법_사고대비물질!$B$2:$J$70,8,FALSE),""),"") | BC3: =IFERROR(IF(표1[[#This Row],[함량(W%)]]>=VLOOKUP(표1[[#This Row],[CAS No.]],[1]규제DB_유해법_사고대비물질!$B:$J,4,FALSE),VLOOKUP(표1[[#This Row],[CAS No.]],[1]규제DB_유해법_사고대비물질!$B$2:$J$70,9,FALSE),""),"") | BD3: =IFERROR(IF(표1[[#This Row],[함량(W%)]]>=VLOOKUP(표1[[#This Row],[CAS No.]],'[1]규제DB_유해법_배출량조사 I'!$B:$D,3,FALSE),IF(VLOOKUP(표1[[#This Row],[CAS No.]],[1]기초자료!$A:$C,3,FALSE)>=1000,"배출량조사 I 물질",""),""),"") | BE3: =IFERROR(IF(표1[[#This Row],[함량(W%)]]>=VLOOKUP(표1[[#This Row],[CAS No.]],'[1]규제DB_유해법_배출량조사 II'!B:D,3,FALSE),IF(VLOOKUP(표1[[#This Row],[CAS No.]],[1]기초자료!$A:$C,3,FALSE)>=10000,"배출량조사 II 물질",""),""),"") | BF3: =IFERROR(IF(표1[[#This Row],[함량(W%)]]>=VLOOKUP(표1[[#This Row],[CAS No.]],[1]규제DB_산안법_금지물질!$B:$E,4,FALSE), VLOOKUP(표1[[#This Row],[CAS No.]],[1]규제DB_산안법_금지물질!$B:$E,2,FALSE)&" : "&VLOOKUP(표1[[#This Row],[CAS No.]],[1]규제DB_산안법_금지물질!$B:$E,3,FALSE)&" 인지 확인하세요",""),"") | BG3: =IFERROR(IF(표1[[#This Row],[함량(W%)]]>=VLOOKUP(표1[[#This Row],[CAS No.]],[1]규제DB_산안법_허가물질!$B:$E,4,FALSE), "제품 허가물질",""),"") | BH3: =IFERROR(IF(표1[[#This Row],[함량(W%)]]>=VLOOKUP(표1[[#This Row],[CAS No.]], [1]규제DB_산안법_특별관리물질!$B:$E,4,FALSE), "제품 특별관리물질",""),"") | BI3: =IFERROR(IF(표1[[#This Row],[함량(W%)]]>=VLOOKUP(표1[[#This Row],[CAS No.]], [1]규제DB_산안법_관리대상유해물질!$B:$E,4,FALSE), "제품 관리대상유해물질",""),"") | BJ3: =IFERROR(IF(표1[[#This Row],[CAS No.]]=VLOOKUP(표1[[#This Row],[CAS No.]], [1]규제DB_산안법_허용기준이하물질!$B:$D,1,FALSE),"제품 허용기준이하물질",""),"") | BK3: =IFERROR(VLOOKUP(표1[[#This Row],[CAS No.]], [1]규제DB_산안법_허용기준이하물질!$B:$D,3,FALSE),"") | BQ3: =IFERROR(VLOOKUP(표1[[#This Row],[CAS No.]], [1]규제DB_산안법_노출기준설정물질!$B:$K,8,FALSE),"") | BR3: =IFERROR(VLOOKUP(표1[[#This Row],[CAS No.]], [1]규제DB_산안법_노출기준설정물질!$B:$K,9,FALSE),"") | BS3: =IFERROR(VLOOKUP(표1[[#This Row],[CAS No.]], [1]규제DB_산안법_노출기준설정물질!$B:$K,10,FALSE),"") | BV3: =IFERROR(IF(VLOOKUP(표1[[#This Row],[CAS No.]],[1]규제DB_고용노동부고시_CMR!$B:$J,3,FALSE)="구분1A", IF(표1[[#This Row],[함량(W%)]]>=VLOOKUP(표1[[#This Row],[CAS No.]],[1]규제DB_고용노동부고시_CMR!$B:$J,4,FALSE),"제품 발암성물질",""), IF(VLOOKUP(표1[[#This Row],[CAS No.]],[1]규제DB_고용노동부고시_CMR!$B:$J,3,FALSE)="구분1B", IF(표1[[#This Row],[함량(W%)]]>=VLOOKUP(표1[[#This Row],[CAS No.]],[1]규제DB_고용노동부고시_CMR!$B:$J,4,FALSE),"제품 발암성물질",""), IF(VLOOKUP(표1[[#This Row],[CAS No.]],[1]규제DB_고용노동부고시_CMR!$B:$J,3,FALSE)="구분2", IF(표1[[#This Row],[함량(W%)]]>=VLOOKUP(표1[[#This Row],[CAS No.]],[1]규제DB_고용노동부고시_CMR!$B:$J,4,FALSE),"제품 발암성물질",""),""))),"") | BW3: =IFERROR(IF(VLOOKUP(표1[[#This Row],[CAS No.]],[1]규제DB_고용노동부고시_CMR!$B:$J,5,FALSE)="구분1A", IF(표1[[#This Row],[함량(W%)]]>=VLOOKUP(표1[[#This Row],[CAS No.]],[1]규제DB_고용노동부고시_CMR!$B:$J,6,FALSE),"제품 생식세포변이원성물질",""), IF(VLOOKUP(표1[[#This Row],[CAS No.]],[1]규제DB_고용노동부고시_CMR!$B:$J,5,FALSE)="구분1B", IF(표1[[#This Row],[함량(W%)]]>=VLOOKUP(표1[[#This Row],[CAS No.]],[1]규제DB_고용노동부고시_CMR!$B:$J,6,FALSE),"제품 생식세포변이원성물질",""), IF(VLOOKUP(표1[[#This Row],[CAS No.]],[1]규제DB_고용노동부고시_CMR!$B:$J,5,FALSE)="구분2", IF(표1[[#This Row],[함량(W%)]]>=VLOOKUP(표1[[#This Row],[CAS No.]],[1]규제DB_고용노동부고시_CMR!$B:$J,6,FALSE),"제품 생식세포변이원성물질",""),""))),"") | BX3: =IFERROR(IF(VLOOKUP(표1[[#This Row],[CAS No.]],[1]규제DB_고용노동부고시_CMR!$B:$J,7,FALSE)="구분1A", IF(표1[[#This Row],[함량(W%)]]>=VLOOKUP(표1[[#This Row],[CAS No.]],[1]규제DB_고용노동부고시_CMR!$B:$J,8,FALSE),"제품 생식독성물질",""), IF(VLOOKUP(표1[[#This Row],[CAS No.]],[1]규제DB_고용노동부고시_CMR!$B:$J,7,FALSE)="구분1B", IF(표1[[#This Row],[함량(W%)]]>=VLOOKUP(표1[[#This Row],[CAS No.]],[1]규제DB_고용노동부고시_CMR!$B:$J,8,FALSE),"제품 생식독성물질",""), IF(VLOOKUP(표1[[#This Row],[CAS No.]],[1]규제DB_고용노동부고시_CMR!$B:$J,7,FALSE)="구분2", IF(표1[[#This Row],[함량(W%)]]>=VLOOKUP(표1[[#This Row],[CAS No.]],[1]규제DB_고용노동부고시_CMR!$B:$J,8,FALSE),"제품 생식독성물질",""),""))),"") | BY3: =IFERROR(VLOOKUP(표1[[#This Row],[CAS No.]],[1]규제DB_위험물안전관리법_위험물!$B:$F,3,FALSE),"") | BZ3: =IFERROR(IF(표1[[#This Row],[CAS No.]]=VLOOKUP(표1[[#This Row],[CAS No.]],[1]규제DB_고압법_독성가스!$B:$D,1,FALSE),"독성가스",""),"") | CA3: =IFERROR(IF(표1[[#This Row],[CAS No.]]=VLOOKUP(표1[[#This Row],[CAS No.]],[1]규제DB_고압법_가연성가스!$B:$D,1,FALSE),"가연성가스",""),"") | CB3: =IFERROR(IF(표1[[#This Row],[CAS No.]]=VLOOKUP(표1[[#This Row],[CAS No.]],[1]규제DB_고압법_특수고압가스!$B:$D,1,FALSE),"특수고압가스",""),"") | CC3: =IFERROR(IF(표1[[#This Row],[CAS No.]]=VLOOKUP(표1[[#This Row],[CAS No.]],[1]규제DB_고압법_특정고압가스!$B:$D,1,FALSE),"특정고압가스",""),"") | CD3: =IFERROR(IF(표1[[#This Row],[함량(W%)]]>=VLOOKUP(표1[[#This Row],[CAS No.]],[1]규제DB_화관법_개별취급기준!$B:$G,5,FALSE),VLOOKUP(표1[[#This Row],[CAS No.]],[1]규제DB_화관법_개별취급기준!$B:$G,6,FALSE),""),"")
A4: 3 | C4: 삼화당피앤티 | E4: ho 402 | F4: 내자 | G4: O | H4: 윤전 | I4: 인쇄 | J4: ㈜화승인더스트리 | K4: ㈜화승인더스트리 | M4: 원부자재 | N4: 옵셋 윤전 인쇄용 | O4: 혼합물 | P4: 고체 | Q4: 200 | R4: 200 | U4: 200 | V4: 200 | W4: =표1[[#This Row],[자재코드]]&"_"&표1[[#This Row],[자재명]]&"_"&표1[[#This Row],[공급업체명]] -> _ho 402_㈜화승인더스트리 | X4: 에틸렌-프로필렌 공중합체(ETHYLENE-PROPYLENE COPOLYMER) | AB4: 10 | AC4: 코팅제 | AD4: X | AE4: O | AF4: O | AH4: 9010-79-1 | AI4: =IFERROR(표1[[#This Row],[사용량(kg)]]*표1[[#This Row],[함량(W%)]]/100,"") -> 20 | AR4: =IFERROR(IF(표1[[#This Row],[함량(W%)]]>=VLOOKUP(표1[[#This Row],[CAS No.]],[1]규제DB_유해법_유독물!B:F,5,FALSE),"유독물질 제품",""),"") | AS4: =IFERROR(VLOOKUP(표1[[#This Row],[CAS No.]],[1]규제DB_유해법_금지물질!B:G,3,FALSE),"") | AT4: =IFERROR(VLOOKUP(표1[[#This Row],[CAS No.]],[1]규제DB_유해법_금지물질!B:G,4,FALSE)&" 인지 확인하세요","") | AU4: =IFERROR(VLOOKUP(표1[[#This Row],[CAS No.]],[1]규제DB_유해법_제한물질!B:G,3,FALSE),"") | AV4: =IFERROR(IF(표1[[#This Row],[함량(W%)]]>=VLOOKUP(표1[[#This Row],[CAS No.]],[1]규제DB_유해법_제한물질!$B:$G,5,FALSE),"제한 제품",""),"") | BA4: =IFERROR(IF(표1[[#This Row],[함량(W%)]]>=VLOOKUP(표1[[#This Row],[CAS No.]],[1]규제DB_유해법_사고대비물질!$B:$J,4,FALSE),VLOOKUP(표1[[#This Row],[CAS No.]],[1]규제DB_유해법_사고대비물질!$B$2:$J$70,7,FALSE),""),"") | BB4: =IFERROR(IF(표1[[#This Row],[함량(W%)]]>=VLOOKUP(표1[[#This Row],[CAS No.]],[1]규제DB_유해법_사고대비물질!$B:$J,4,FALSE),VLOOKUP(표1[[#This Row],[CAS No.]],[1]규제DB_유해법_사고대비물질!$B$2:$J$70,8,FALSE),""),"") | BC4: =IFERROR(IF(표1[[#This Row],[함량(W%)]]>=VLOOKUP(표1[[#This Row],[CAS No.]],[1]규제DB_유해법_사고대비물질!$B:$J,4,FALSE),VLOOKUP(표1[[#This Row],[CAS No.]],[1]규제DB_유해법_사고대비물질!$B$2:$J$70,9,FALSE),""),"") | BD4: =IFERROR(IF(표1[[#This Row],[함량(W%)]]>=VLOOKUP(표1[[#This Row],[CAS No.]],'[1]규제DB_유해법_배출량조사 I'!$B:$D,3,FALSE),IF(VLOOKUP(표1[[#This Row],[CAS No.]],[1]기초자료!$A:$C,3,FALSE)>=1000,"배출량조사 I 물질",""),""),"") | BE4: =IFERROR(IF(표1[[#This Row],[함량(W%)]]>=VLOOKUP(표1[[#This Row],[CAS No.]],'[1]규제DB_유해법_배출량조사 II'!B:D,3,FALSE),IF(VLOOKUP(표1[[#This Row],[CAS No.]],[1]기초자료!$A:$C,3,FALSE)>=10000,"배출량조사 II 물질",""),""),"") | BF4: =IFERROR(IF(표1[[#This Row],[함량(W%)]]>=VLOOKUP(표1[[#This Row],[CAS No.]],[1]규제DB_산안법_금지물질!$B:$E,4,FALSE), VLOOKUP(표1[[#This Row],[CAS No.]],[1]규제DB_산안법_금지물질!$B:$E,2,FALSE)&" : "&VLOOKUP(표1[[#This Row],[CAS No.]],[1]규제DB_산안법_금지물질!$B:$E,3,FALSE)&" 인지 확인하세요",""),"") | BG4: =IFERROR(IF(표1[[#This Row],[함량(W%)]]>=VLOOKUP(표1[[#This Row],[CAS No.]],[1]규제DB_산안법_허가물질!$B:$E,4,FALSE), "제품 허가물질",""),"") | BH4: =IFERROR(IF(표1[[#This Row],[함량(W%)]]>=VLOOKUP(표1[[#This Row],[CAS No.]], [1]규제DB_산안법_특별관리물질!$B:$E,4,FALSE), "제품 특별관리물질",""),"") | BI4: =IFERROR(IF(표1[[#This Row],[함량(W%)]]>=VLOOKUP(표1[[#This Row],[CAS No.]], [1]규제DB_산안법_관리대상유해물질!$B:$E,4,FALSE), "제품 관리대상유해물질",""),"") | BJ4: =IFERROR(IF(표1[[#This Row],[CAS No.]]=VLOOKUP(표1[[#This Row],[CAS No.]], [1]규제DB_산안법_허용기준이하물질!$B:$D,1,FALSE),"제품 허용기준이하물질",""),"") | BK4: =IFERROR(VLOOKUP(표1[[#This Row],[CAS No.]], [1]규제DB_산안법_허용기준이하물질!$B:$D,3,FALSE),"") | BQ4: =IFERROR(VLOOKUP(표1[[#This Row],[CAS No.]], [1]규제DB_산안법_노출기준설정물질!$B:$K,8,FALSE),"") | BR4: =IFERROR(VLOOKUP(표1[[#This Row],[CAS No.]], [1]규제DB_산안법_노출기준설정물질!$B:$K,9,FALSE),"") | BS4: =IFERROR(VLOOKUP(표1[[#This Row],[CAS No.]], [1]규제DB_산안법_노출기준설정물질!$B:$K,10,FALSE),"") | BV4: =IFERROR(IF(VLOOKUP(표1[[#This Row],[CAS No.]],[1]규제DB_고용노동부고시_CMR!$B:$J,3,FALSE)="구분1A", IF(표1[[#This Row],[함량(W%)]]>=VLOOKUP(표1[[#This Row],[CAS No.]],[1]규제DB_고용노동부고시_CMR!$B:$J,4,FALSE),"제품 발암성물질",""), IF(VLOOKUP(표1[[#This Row],[CAS No.]],[1]규제DB_고용노동부고시_CMR!$B:$J,3,FALSE)="구분1B", IF(표1[[#This Row],[함량(W%)]]>=VLOOKUP(표1[[#This Row],[CAS No.]],[1]규제DB_고용노동부고시_CMR!$B:$J,4,FALSE),"제품 발암성물질",""), IF(VLOOKUP(표1[[#This Row],[CAS No.]],[1]규제DB_고용노동부고시_CMR!$B:$J,3,FALSE)="구분2", IF(표1[[#This Row],[함량(W%)]]>=VLOOKUP(표1[[#This Row],[CAS No.]],[1]규제DB_고용노동부고시_CMR!$B:$J,4,FALSE),"제품 발암성물질",""),""))),"") | BW4: =IFERROR(IF(VLOOKUP(표1[[#This Row],[CAS No.]],[1]규제DB_고용노동부고시_CMR!$B:$J,5,FALSE)="구분1A", IF(표1[[#This Row],[함량(W%)]]>=VLOOKUP(표1[[#This Row],[CAS No.]],[1]규제DB_고용노동부고시_CMR!$B:$J,6,FALSE),"제품 생식세포변이원성물질",""), IF(VLOOKUP(표1[[#This Row],[CAS No.]],[1]규제DB_고용노동부고시_CMR!$B:$J,5,FALSE)="구분1B", IF(표1[[#This Row],[함량(W%)]]>=VLOOKUP(표1[[#This Row],[CAS No.]],[1]규제DB_고용노동부고시_CMR!$B:$J,6,FALSE),"제품 생식세포변이원성물질",""), IF(VLOOKUP(표1[[#This Row],[CAS No.]],[1]규제DB_고용노동부고시_CMR!$B:$J,5,FALSE)="구분2", IF(표1[[#This Row],[함량(W%)]]>=VLOOKUP(표1[[#This Row],[CAS No.]],[1]규제DB_고용노동부고시_CMR!$B:$J,6,FALSE),"제품 생식세포변이원성물질",""),""))),"") | BX4: =IFERROR(IF(VLOOKUP(표1[[#This Row],[CAS No.]],[1]규제DB_고용노동부고시_CMR!$B:$J,7,FALSE)="구분1A", IF(표1[[#This Row],[함량(W%)]]>=VLOOKUP(표1[[#This Row],[CAS No.]],[1]규제DB_고용노동부고시_CMR!$B:$J,8,FALSE),"제품 생식독성물질",""), IF(VLOOKUP(표1[[#This Row],[CAS No.]],[1]규제DB_고용노동부고시_CMR!$B:$J,7,FALSE)="구분1B", IF(표1[[#This Row],[함량(W%)]]>=VLOOKUP(표1[[#This Row],[CAS No.]],[1]규제DB_고용노동부고시_CMR!$B:$J,8,FALSE),"제품 생식독성물질",""), IF(VLOOKUP(표1[[#This Row],[CAS No.]],[1]규제DB_고용노동부고시_CMR!$B:$J,7,FALSE)="구분2", IF(표1[[#This Row],[함량(W%)]]>=VLOOKUP(표1[[#This Row],[CAS No.]],[1]규제DB_고용노동부고시_CMR!$B:$J,8,FALSE),"제품 생식독성물질",""),""))),"") | BY4: =IFERROR(VLOOKUP(표1[[#This Row],[CAS No.]],[1]규제DB_위험물안전관리법_위험물!$B:$F,3,FALSE),"") | BZ4: =IFERROR(IF(표1[[#This Row],[CAS No.]]=VLOOKUP(표1[[#This Row],[CAS No.]],[1]규제DB_고압법_독성가스!$B:$D,1,FALSE),"독성가스",""),"") | CA4: =IFERROR(IF(표1[[#This Row],[CAS No.]]=VLOOKUP(표1[[#This Row],[CAS No.]],[1]규제DB_고압법_가연성가스!$B:$D,1,FALSE),"가연성가스",""),"") | CB4: =IFERROR(IF(표1[[#This Row],[CAS No.]]=VLOOKUP(표1[[#This Row],[CAS No.]],[1]규제DB_고압법_특수고압가스!$B:$D,1,FALSE),"특수고압가스",""),"") | CC4: =IFERROR(IF(표1[[#This Row],[CAS No.]]=VLOOKUP(표1[[#This Row],[CAS No.]],[1]규제DB_고압법_특정고압가스!$B:$D,1,FALSE),"특정고압가스",""),"") | CD4: =IFERROR(IF(표1[[#This Row],[함량(W%)]]>=VLOOKUP(표1[[#This Row],[CAS No.]],[1]규제DB_화관법_개별취급기준!$B:$G,5,FALSE),VLOOKUP(표1[[#This Row],[CAS No.]],[1]규제DB_화관법_개별취급기준!$B:$G,6,FALSE),""),"")
A5: 4 | C5: 삼화당피앤티 | E5: ho402 | F5: 내자 | G5: O | H5: 윤전 | I5: 인쇄 | J5: ㈜화승인더스트리 | K5: ㈜화승인더스트리 | M5: 원부자재 | N5: 옵셋 윤전 인쇄용 | O5: 혼합물 | P5: 고체 | Q5: 200 | R5: 200 | U5: 200 | V5: 200 | W5: =표1[[#This Row],[자재코드]]&"_"&표1[[#This Row],[자재명]]&"_"&표1[[#This Row],[공급업체명]] -> _ho402_㈜화승인더스트리 | X5: 폴리프로필렌(POLYPROPYLENE) | AB5: 79 | AC5: 코팅제 | AD5: X | AE5: O | AF5: O | AH5: 9003-07-0 | AI5: =IFERROR(표1[[#This Row],[사용량(kg)]]*표1[[#This Row],[함량(W%)]]/100,"") -> 158 | AR5: =IFERROR(IF(표1[[#This Row],[함량(W%)]]>=VLOOKUP(표1[[#This Row],[CAS No.]],[1]규제DB_유해법_유독물!B:F,5,FALSE),"유독물질 제품",""),"") | AS5: =IFERROR(VLOOKUP(표1[[#This Row],[CAS No.]],[1]규제DB_유해법_금지물질!B:G,3,FALSE),"") | AT5: =IFERROR(VLOOKUP(표1[[#This Row],[CAS No.]],[1]규제DB_유해법_금지물질!B:G,4,FALSE)&" 인지 확인하세요","") | AU5: =IFERROR(VLOOKUP(표1[[#This Row],[CAS No.]],[1]규제DB_유해법_제한물질!B:G,3,FALSE),"") | AV5: =IFERROR(IF(표1[[#This Row],[함량(W%)]]>=VLOOKUP(표1[[#This Row],[CAS No.]],[1]규제DB_유해법_제한물질!$B:$G,5,FALSE),"제한 제품",""),"") | BA5: =IFERROR(IF(표1[[#This Row],[함량(W%)]]>=VLOOKUP(표1[[#This Row],[CAS No.]],[1]규제DB_유해법_사고대비물질!$B:$J,4,FALSE),VLOOKUP(표1[[#This Row],[CAS No.]],[1]규제DB_유해법_사고대비물질!$B$2:$J$70,7,FALSE),""),"") | BB5: =IFERROR(IF(표1[[#This Row],[함량(W%)]]>=VLOOKUP(표1[[#This Row],[CAS No.]],[1]규제DB_유해법_사고대비물질!$B:$J,4,FALSE),VLOOKUP(표1[[#This Row],[CAS No.]],[1]규제DB_유해법_사고대비물질!$B$2:$J$70,8,FALSE),""),"") | BC5: =IFERROR(IF(표1[[#This Row],[함량(W%)]]>=VLOOKUP(표1[[#This Row],[CAS No.]],[1]규제DB_유해법_사고대비물질!$B:$J,4,FALSE),VLOOKUP(표1[[#This Row],[CAS No.]],[1]규제DB_유해법_사고대비물질!$B$2:$J$70,9,FALSE),""),"") | BD5: =IFERROR(IF(표1[[#This Row],[함량(W%)]]>=VLOOKUP(표1[[#This Row],[CAS No.]],'[1]규제DB_유해법_배출량조사 I'!$B:$D,3,FALSE),IF(VLOOKUP(표1[[#This Row],[CAS No.]],[1]기초자료!$A:$C,3,FALSE)>=1000,"배출량조사 I 물질",""),""),"") | BE5: =IFERROR(IF(표1[[#This Row],[함량(W%)]]>=VLOOKUP(표1[[#This Row],[CAS No.]],'[1]규제DB_유해법_배출량조사 II'!B:D,3,FALSE),IF(VLOOKUP(표1[[#This Row],[CAS No.]],[1]기초자료!$A:$C,3,FALSE)>=10000,"배출량조사 II 물질",""),""),"") | BF5: =IFERROR(IF(표1[[#This Row],[함량(W%)]]>=VLOOKUP(표1[[#This Row],[CAS No.]],[1]규제DB_산안법_금지물질!$B:$E,4,FALSE), VLOOKUP(표1[[#This Row],[CAS No.]],[1]규제DB_산안법_금지물질!$B:$E,2,FALSE)&" : "&VLOOKUP(표1[[#This Row],[CAS No.]],[1]규제DB_산안법_금지물질!$B:$E,3,FALSE)&" 인지 확인하세요",""),"") | BG5: =IFERROR(IF(표1[[#This Row],[함량(W%)]]>=VLOOKUP(표1[[#This Row],[CAS No.]],[1]규제DB_산안법_허가물질!$B:$E,4,FALSE), "제품 허가물질",""),"") | BH5: =IFERROR(IF(표1[[#This Row],[함량(W%)]]>=VLOOKUP(표1[[#This Row],[CAS No.]], [1]규제DB_산안법_특별관리물질!$B:$E,4,FALSE), "제품 특별관리물질",""),"") | BI5: =IFERROR(IF(표1[[#This Row],[함량(W%)]]>=VLOOKUP(표1[[#This Row],[CAS No.]], [1]규제DB_산안법_관리대상유해물질!$B:$E,4,FALSE), "제품 관리대상유해물질",""),"") | BJ5: =IFERROR(IF(표1[[#This Row],[CAS No.]]=VLOOKUP(표1[[#This Row],[CAS No.]], [1]규제DB_산안법_허용기준이하물질!$B:$D,1,FALSE),"제품 허용기준이하물질",""),"") | BK5: =IFERROR(VLOOKUP(표1[[#This Row],[CAS No.]], [1]규제DB_산안법_허용기준이하물질!$B:$D,3,FALSE),"") | BQ5: =IFERROR(VLOOKUP(표1[[#This Row],[CAS No.]], [1]규제DB_산안법_노출기준설정물질!$B:$K,8,FALSE),"") | BR5: =IFERROR(VLOOKUP(표1[[#This Row],[CAS No.]], [1]규제DB_산안법_노출기준설정물질!$B:$K,9,FALSE),"") | BS5: =IFERROR(VLOOKUP(표1[[#This Row],[CAS No.]], [1]규제DB_산안법_노출기준설정물질!$B:$K,10,FALSE),"") | BV5: =IFERROR(IF(VLOOKUP(표1[[#This Row],[CAS No.]],[1]규제DB_고용노동부고시_CMR!$B:$J,3,FALSE)="구분1A", IF(표1[[#This Row],[함량(W%)]]>=VLOOKUP(표1[[#This Row],[CAS No.]],[1]규제DB_고용노동부고시_CMR!$B:$J,4,FALSE),"제품 발암성물질",""), IF(VLOOKUP(표1[[#This Row],[CAS No.]],[1]규제DB_고용노동부고시_CMR!$B:$J,3,FALSE)="구분1B", IF(표1[[#This Row],[함량(W%)]]>=VLOOKUP(표1[[#This Row],[CAS No.]],[1]규제DB_고용노동부고시_CMR!$B:$J,4,FALSE),"제품 발암성물질",""), IF(VLOOKUP(표1[[#This Row],[CAS No.]],[1]규제DB_고용노동부고시_CMR!$B:$J,3,FALSE)="구분2", IF(표1[[#This Row],[함량(W%)]]>=VLOOKUP(표1[[#This Row],[CAS No.]],[1]규제DB_고용노동부고시_CMR!$B:$J,4,FALSE),"제품 발암성물질",""),""))),"") | BW5: =IFERROR(IF(VLOOKUP(표1[[#This Row],[CAS No.]],[1]규제DB_고용노동부고시_CMR!$B:$J,5,FALSE)="구분1A", IF(표1[[#This Row],[함량(W%)]]>=VLOOKUP(표1[[#This Row],[CAS No.]],[1]규제DB_고용노동부고시_CMR!$B:$J,6,FALSE),"제품 생식세포변이원성물질",""), IF(VLOOKUP(표1[[#This Row],[CAS No.]],[1]규제DB_고용노동부고시_CMR!$B:$J,5,FALSE)="구분1B", IF(표1[[#This Row],[함량(W%)]]>=VLOOKUP(표1[[#This Row],[CAS No.]],[1]규제DB_고용노동부고시_CMR!$B:$J,6,FALSE),"제품 생식세포변이원성물질",""), IF(VLOOKUP(표1[[#This Row],[CAS No.]],[1]규제DB_고용노동부고시_CMR!$B:$J,5,FALSE)="구분2", IF(표1[[#This Row],[함량(W%)]]>=VLOOKUP(표1[[#This Row],[CAS No.]],[1]규제DB_고용노동부고시_CMR!$B:$J,6,FALSE),"제품 생식세포변이원성물질",""),""))),"") | BX5: =IFERROR(IF(VLOOKUP(표1[[#This Row],[CAS No.]],[1]규제DB_고용노동부고시_CMR!$B:$J,7,FALSE)="구분1A", IF(표1[[#This Row],[함량(W%)]]>=VLOOKUP(표1[[#This Row],[CAS No.]],[1]규제DB_고용노동부고시_CMR!$B:$J,8,FALSE),"제품 생식독성물질",""), IF(VLOOKUP(표1[[#This Row],[CAS No.]],[1]규제DB_고용노동부고시_CMR!$B:$J,7,FALSE)="구분1B", IF(표1[[#This Row],[함량(W%)]]>=VLOOKUP(표1[[#This Row],[CAS No.]],[1]규제DB_고용노동부고시_CMR!$B:$J,8,FALSE),"제품 생식독성물질",""), IF(VLOOKUP(표1[[#This Row],[CAS No.]],[1]규제DB_고용노동부고시_CMR!$B:$J,7,FALSE)="구분2", IF(표1[[#This Row],[함량(W%)]]>=VLOOKUP(표1[[#This Row],[CAS No.]],[1]규제DB_고용노동부고시_CMR!$B:$J,8,FALSE),"제품 생식독성물질",""),""))),"") | BY5: =IFERROR(VLOOKUP(표1[[#This Row],[CAS No.]],[1]규제DB_위험물안전관리법_위험물!$B:$F,3,FALSE),"") | BZ5: =IFERROR(IF(표1[[#This Row],[CAS No.]]=VLOOKUP(표1[[#This Row],[CAS No.]],[1]규제DB_고압법_독성가스!$B:$D,1,FALSE),"독성가스",""),"") | CA5: =IFERROR(IF(표1[[#This Row],[CAS No.]]=VLOOKUP(표1[[#This Row],[CAS No.]],[1]규제DB_고압법_가연성가스!$B:$D,1,FALSE),"가연성가스",""),"") | CB5: =IFERROR(IF(표1[[#This Row],[CAS No.]]=VLOOKUP(표1[[#This Row],[CAS No.]],[1]규제DB_고압법_특수고압가스!$B:$D,1,FALSE),"특수고압가스",""),"") | CC5: =IFERROR(IF(표1[[#This Row],[CAS No.]]=VLOOKUP(표1[[#This Row],[CAS No.]],[1]규제DB_고압법_특정고압가스!$B:$D,1,FALSE),"특정고압가스",""),"") | CD5: =IFERROR(IF(표1[[#This Row],[함량(W%)]]>=VLOOKUP(표1[[#This Row],[CAS No.]],[1]규제DB_화관법_개별취급기준!$B:$G,5,FALSE),VLOOKUP(표1[[#This Row],[CAS No.]],[1]규제DB_화관법_개별취급기준!$B:$G,6,FALSE),""),"")
A6: 5 | C6: 삼화당피앤티 | E6: hb-302 | F6: 내자 | G6: O | H6: 윤전 | I6: 인쇄 | J6: ㈜화승인더스트리 | K6: ㈜화승인더스트리 | M6: 원부자재 | N6: 옵셋 윤전 인쇄용 | O6: 혼합물 | P6: 고체 | Q6: 2800 | R6: 2800 | U6: 2800 | V6: 2800 | W6: =표1[[#This Row],[자재코드]]&"_"&표1[[#This Row],[자재명]]&"_"&표1[[#This Row],[공급업체명]] -> _hb-302_㈜화승인더스트리 | X6: 실리카 수화물 | AB6: 0.9 | AC6: 코팅제 | AD6: X | AE6: O | AF6: O | AH6: 112926-00-8 | AI6: =IFERROR(표1[[#This Row],[사용량(kg)]]*표1[[#This Row],[함량(W%)]]/100,"") -> 25.2 | AR6: =IFERROR(IF(표1[[#This Row],[함량(W%)]]>=VLOOKUP(표1[[#This Row],[CAS No.]],[1]규제DB_유해법_유독물!B:F,5,FALSE),"유독물질 제품",""),"") | AS6: =IFERROR(VLOOKUP(표1[[#This Row],[CAS No.]],[1]규제DB_유해법_금지물질!B:G,3,FALSE),"") | AT6: =IFERROR(VLOOKUP(표1[[#This Row],[CAS No.]],[1]규제DB_유해법_금지물질!B:G,4,FALSE)&" 인지 확인하세요","") | AU6: =IFERROR(VLOOKUP(표1[[#This Row],[CAS No.]],[1]규제DB_유해법_제한물질!B:G,3,FALSE),"") | AV6: =IFERROR(IF(표1[[#This Row],[함량(W%)]]>=VLOOKUP(표1[[#This Row],[CAS No.]],[1]규제DB_유해법_제한물질!$B:$G,5,FALSE),"제한 제품",""),"") | BA6: =IFERROR(IF(표1[[#This Row],[함량(W%)]]>=VLOOKUP(표1[[#This Row],[CAS No.]],[1]규제DB_유해법_사고대비물질!$B:$J,4,FALSE),VLOOKUP(표1[[#This Row],[CAS No.]],[1]규제DB_유해법_사고대비물질!$B$2:$J$70,7,FALSE),""),"") | BB6: =IFERROR(IF(표1[[#This Row],[함량(W%)]]>=VLOOKUP(표1[[#This Row],[CAS No.]],[1]규제DB_유해법_사고대비물질!$B:$J,4,FALSE),VLOOKUP(표1[[#This Row],[CAS No.]],[1]규제DB_유해법_사고대비물질!$B$2:$J$70,8,FALSE),""),"") | BC6: =IFERROR(IF(표1[[#This Row],[함량(W%)]]>=VLOOKUP(표1[[#This Row],[CAS No.]],[1]규제DB_유해법_사고대비물질!$B:$J,4,FALSE),VLOOKUP(표1[[#This Row],[CAS No.]],[1]규제DB_유해법_사고대비물질!$B$2:$J$70,9,FALSE),""),"") | BD6: =IFERROR(IF(표1[[#This Row],[함량(W%)]]>=VLOOKUP(표1[[#This Row],[CAS No.]],'[1]규제DB_유해법_배출량조사 I'!$B:$D,3,FALSE),IF(VLOOKUP(표1[[#This Row],[CAS No.]],[1]기초자료!$A:$C,3,FALSE)>=1000,"배출량조사 I 물질",""),""),"") | BE6: =IFERROR(IF(표1[[#This Row],[함량(W%)]]>=VLOOKUP(표1[[#This Row],[CAS No.]],'[1]규제DB_유해법_배출량조사 II'!B:D,3,FALSE),IF(VLOOKUP(표1[[#This Row],[CAS No.]],[1]기초자료!$A:$C,3,FALSE)>=10000,"배출량조사 II 물질",""),""),"") | BF6: =IFERROR(IF(표1[[#This Row],[함량(W%)]]>=VLOOKUP(표1[[#This Row],[CAS No.]],[1]규제DB_산안법_금지물질!$B:$E,4,FALSE), VLOOKUP(표1[[#This Row],[CAS No.]],[1]규제DB_산안법_금지물질!$B:$E,2,FALSE)&" : "&VLOOKUP(표1[[#This Row],[CAS No.]],[1]규제DB_산안법_금지물질!$B:$E,3,FALSE)&" 인지 확인하세요",""),"") | BG6: =IFERROR(IF(표1[[#This Row],[함량(W%)]]>=VLOOKUP(표1[[#This Row],[CAS No.]],[1]규제DB_산안법_허가물질!$B:$E,4,FALSE), "제품 허가물질",""),"") | BH6: =IFERROR(IF(표1[[#This Row],[함량(W%)]]>=VLOOKUP(표1[[#This Row],[CAS No.]], [1]규제DB_산안법_특별관리물질!$B:$E,4,FALSE), "제품 특별관리물질",""),"") | BI6: =IFERROR(IF(표1[[#This Row],[함량(W%)]]>=VLOOKUP(표1[[#This Row],[CAS No.]], [1]규제DB_산안법_관리대상유해물질!$B:$E,4,FALSE), "제품 관리대상유해물질",""),"") | BJ6: =IFERROR(IF(표1[[#This Row],[CAS No.]]=VLOOKUP(표1[[#This Row],[CAS No.]], [1]규제DB_산안법_허용기준이하물질!$B:$D,1,FALSE),"제품 허용기준이하물질",""),"") | BK6: =IFERROR(VLOOKUP(표1[[#This Row],[CAS No.]], [1]규제DB_산안법_허용기준이하물질!$B:$D,3,FALSE),"") | BQ6: =IFERROR(VLOOKUP(표1[[#This Row],[CAS No.]], [1]규제DB_산안법_노출기준설정물질!$B:$K,8,FALSE),"") | BR6: =IFERROR(VLOOKUP(표1[[#This Row],[CAS No.]], [1]규제DB_산안법_노출기준설정물질!$B:$K,9,FALSE),"") | BS6: =IFERROR(VLOOKUP(표1[[#This Row],[CAS No.]], [1]규제DB_산안법_노출기준설정물질!$B:$K,10,FALSE),"") | BV6: =IFERROR(IF(VLOOKUP(표1[[#This Row],[CAS No.]],[1]규제DB_고용노동부고시_CMR!$B:$J,3,FALSE)="구분1A", IF(표1[[#This Row],[함량(W%)]]>=VLOOKUP(표1[[#This Row],[CAS No.]],[1]규제DB_고용노동부고시_CMR!$B:$J,4,FALSE),"제품 발암성물질",""), IF(VLOOKUP(표1[[#This Row],[CAS No.]],[1]규제DB_고용노동부고시_CMR!$B:$J,3,FALSE)="구분1B", IF(표1[[#This Row],[함량(W%)]]>=VLOOKUP(표1[[#This Row],[CAS No.]],[1]규제DB_고용노동부고시_CMR!$B:$J,4,FALSE),"제품 발암성물질",""), IF(VLOOKUP(표1[[#This Row],[CAS No.]],[1]규제DB_고용노동부고시_CMR!$B:$J,3,FALSE)="구분2", IF(표1[[#This Row],[함량(W%)]]>=VLOOKUP(표1[[#This Row],[CAS No.]],[1]규제DB_고용노동부고시_CMR!$B:$J,4,FALSE),"제품 발암성물질",""),""))),"") | BW6: =IFERROR(IF(VLOOKUP(표1[[#This Row],[CAS No.]],[1]규제DB_고용노동부고시_CMR!$B:$J,5,FALSE)="구분1A", IF(표1[[#This Row],[함량(W%)]]>=VLOOKUP(표1[[#This Row],[CAS No.]],[1]규제DB_고용노동부고시_CMR!$B:$J,6,FALSE),"제품 생식세포변이원성물질",""), IF(VLOOKUP(표1[[#This Row],[CAS No.]],[1]규제DB_고용노동부고시_CMR!$B:$J,5,FALSE)="구분1B", IF(표1[[#This Row],[함량(W%)]]>=VLOOKUP(표1[[#This Row],[CAS No.]],[1]규제DB_고용노동부고시_CMR!$B:$J,6,FALSE),"제품 생식세포변이원성물질",""), IF(VLOOKUP(표1[[#This Row],[CAS No.]],[1]규제DB_고용노동부고시_CMR!$B:$J,5,FALSE)="구분2", IF(표1[[#This Row],[함량(W%)]]>=VLOOKUP(표1[[#This Row],[CAS No.]],[1]규제DB_고용노동부고시_CMR!$B:$J,6,FALSE),"제품 생식세포변이원성물질",""),""))),"") | BX6: =IFERROR(IF(VLOOKUP(표1[[#This Row],[CAS No.]],[1]규제DB_고용노동부고시_CMR!$B:$J,7,FALSE)="구분1A", IF(표1[[#This Row],[함량(W%)]]>=VLOOKUP(표1[[#This Row],[CAS No.]],[1]규제DB_고용노동부고시_CMR!$B:$J,8,FALSE),"제품 생식독성물질",""), IF(VLOOKUP(표1[[#This Row],[CAS No.]],[1]규제DB_고용노동부고시_CMR!$B:$J,7,FALSE)="구분1B", IF(표1[[#This Row],[함량(W%)]]>=VLOOKUP(표1[[#This Row],[CAS No.]],[1]규제DB_고용노동부고시_CMR!$B:$J,8,FALSE),"제품 생식독성물질",""), IF(VLOOKUP(표1[[#This Row],[CAS No.]],[1]규제DB_고용노동부고시_CMR!$B:$J,7,FALSE)="구분2", IF(표1[[#This Row],[함량(W%)]]>=VLOOKUP(표1[[#This Row],[CAS No.]],[1]규제DB_고용노동부고시_CMR!$B:$J,8,FALSE),"제품 생식독성물질",""),""))),"") | BY6: =IFERROR(VLOOKUP(표1[[#This Row],[CAS No.]],[1]규제DB_위험물안전관리법_위험물!$B:$F,3,FALSE),"") | BZ6: =IFERROR(IF(표1[[#This Row],[CAS No.]]=VLOOKUP(표1[[#This Row],[CAS No.]],[1]규제DB_고압법_독성가스!$B:$D,1,FALSE),"독성가스",""),"") | CA6: =IFERROR(IF(표1[[#This Row],[CAS No.]]=VLOOKUP(표1[[#This Row],[CAS No.]],[1]규제DB_고압법_가연성가스!$B:$D,1,FALSE),"가연성가스",""),"") | CB6: =IFERROR(IF(표1[[#This Row],[CAS No.]]=VLOOKUP(표1[[#This Row],[CAS No.]],[1]규제DB_고압법_특수고압가스!$B:$D,1,FALSE),"특수고압가스",""),"") | CC6: =IFERROR(IF(표1[[#This Row],[CAS No.]]=VLOOKUP(표1[[#This Row],[CAS No.]],[1]규제DB_고압법_특정고압가스!$B:$D,1,FALSE),"특정고압가스",""),"") | CD6: =IFERROR(IF(표1[[#This Row],[함량(W%)]]>=VLOOKUP(표1[[#This Row],[CAS No.]],[1]규제DB_화관법_개별취급기준!$B:$G,5,FALSE),VLOOKUP(표1[[#This Row],[CAS No.]],[1]규제DB_화관법_개별취급기준!$B:$G,6,FALSE),""),"")
A7: 6 | C7: 삼화당피앤티 | E7: hb 302 | F7: 내자 | G7: O | H7: 윤전 | I7: 인쇄 | J7: ㈜화승인더스트리 | K7: ㈜화승인더스트리 | M7: 원부자재 | N7: 옵셋 윤전 인쇄용 | O7: 혼합물 | P7: 고체 | Q7: 2800 | R7: 2800 | U7: 2800 | V7: 2800 | W7: =표1[[#This Row],[자재코드]]&"_"&표1[[#This Row],[자재명]]&"_"&표1[[#This Row],[공급업체명]] -> _hb 302_㈜화승인더스트리 | X7: 폴리프로필렌(POLYPROPYLENE) | AB7: 99 | AC7: 코팅제 | AD7: X | AE7: O | AF7: O | AH7: 9003-07-0 | AI7: =IFERROR(표1[[#This Row],[사용량(kg)]]*표1[[#This Row],[함량(W%)]]/100,"") -> 2772 | AR7: =IFERROR(IF(표1[[#This Row],[함량(W%)]]>=VLOOKUP(표1[[#This Row],[CAS No.]],[1]규제DB_유해법_유독물!B:F,5,FALSE),"유독물질 제품",""),"") | AS7: =IFERROR(VLOOKUP(표1[[#This Row],[CAS No.]],[1]규제DB_유해법_금지물질!B:G,3,FALSE),"") | AT7: =IFERROR(VLOOKUP(표1[[#This Row],[CAS No.]],[1]규제DB_유해법_금지물질!B:G,4,FALSE)&" 인지 확인하세요","") | AU7: =IFERROR(VLOOKUP(표1[[#This Row],[CAS No.]],[1]규제DB_유해법_제한물질!B:G,3,FALSE),"") | AV7: =IFERROR(IF(표1[[#This Row],[함량(W%)]]>=VLOOKUP(표1[[#This Row],[CAS No.]],[1]규제DB_유해법_제한물질!$B:$G,5,FALSE),"제한 제품",""),"") | BA7: =IFERROR(IF(표1[[#This Row],[함량(W%)]]>=VLOOKUP(표1[[#This Row],[CAS No.]],[1]규제DB_유해법_사고대비물질!$B:$J,4,FALSE),VLOOKUP(표1[[#This Row],[CAS No.]],[1]규제DB_유해법_사고대비물질!$B$2:$J$70,7,FALSE),""),"") | BB7: =IFERROR(IF(표1[[#This Row],[함량(W%)]]>=VLOOKUP(표1[[#This Row],[CAS No.]],[1]규제DB_유해법_사고대비물질!$B:$J,4,FALSE),VLOOKUP(표1[[#This Row],[CAS No.]],[1]규제DB_유해법_사고대비물질!$B$2:$J$70,8,FALSE),""),"") | BC7: =IFERROR(IF(표1[[#This Row],[함량(W%)]]>=VLOOKUP(표1[[#This Row],[CAS No.]],[1]규제DB_유해법_사고대비물질!$B:$J,4,FALSE),VLOOKUP(표1[[#This Row],[CAS No.]],[1]규제DB_유해법_사고대비물질!$B$2:$J$70,9,FALSE),""),"") | BD7: =IFERROR(IF(표1[[#This Row],[함량(W%)]]>=VLOOKUP(표1[[#This Row],[CAS No.]],'[1]규제DB_유해법_배출량조사 I'!$B:$D,3,FALSE),IF(VLOOKUP(표1[[#This Row],[CAS No.]],[1]기초자료!$A:$C,3,FALSE)>=1000,"배출량조사 I 물질",""),""),"") | BE7: =IFERROR(IF(표1[[#This Row],[함량(W%)]]>=VLOOKUP(표1[[#This Row],[CAS No.]],'[1]규제DB_유해법_배출량조사 II'!B:D,3,FALSE),IF(VLOOKUP(표1[[#This Row],[CAS No.]],[1]기초자료!$A:$C,3,FALSE)>=10000,"배출량조사 II 물질",""),""),"") | BF7: =IFERROR(IF(표1[[#This Row],[함량(W%)]]>=VLOOKUP(표1[[#This Row],[CAS No.]],[1]규제DB_산안법_금지물질!$B:$E,4,FALSE), VLOOKUP(표1[[#This Row],[CAS No.]],[1]규제DB_산안법_금지물질!$B:$E,2,FALSE)&" : "&VLOOKUP(표1[[#This Row],[CAS No.]],[1]규제DB_산안법_금지물질!$B:$E,3,FALSE)&" 인지 확인하세요",""),"") | BG7: =IFERROR(IF(표1[[#This Row],[함량(W%)]]>=VLOOKUP(표1[[#This Row],[CAS No.]],[1]규제DB_산안법_허가물질!$B:$E,4,FALSE), "제품 허가물질",""),"") | BH7: =IFERROR(IF(표1[[#This Row],[함량(W%)]]>=VLOOKUP(표1[[#This Row],[CAS No.]], [1]규제DB_산안법_특별관리물질!$B:$E,4,FALSE), "제품 특별관리물질",""),"") | BJ7: =IFERROR(IF(표1[[#This Row],[CAS No.]]=VLOOKUP(표1[[#This Row],[CAS No.]], [1]규제DB_산안법_허용기준이하물질!$B:$D,1,FALSE),"제품 허용기준이하물질",""),"") | BK7: =IFERROR(VLOOKUP(표1[[#This Row],[CAS No.]], [1]규제DB_산안법_허용기준이하물질!$B:$D,3,FALSE),"") | BQ7: =IFERROR(VLOOKUP(표1[[#This Row],[CAS No.]], [1]규제DB_산안법_노출기준설정물질!$B:$K,8,FALSE),"") | BR7: =IFERROR(VLOOKUP(표1[[#This Row],[CAS No.]], [1]규제DB_산안법_노출기준설정물질!$B:$K,9,FALSE),"") | BS7: =IFERROR(VLOOKUP(표1[[#This Row],[CAS No.]], [1]규제DB_산안법_노출기준설정물질!$B:$K,10,FALSE),"") | BV7: =IFERROR(IF(VLOOKUP(표1[[#This Row],[CAS No.]],[1]규제DB_고용노동부고시_CMR!$B:$J,3,FALSE)="구분1A", IF(표1[[#This Row],[함량(W%)]]>=VLOOKUP(표1[[#This Row],[CAS No.]],[1]규제DB_고용노동부고시_CMR!$B:$J,4,FALSE),"제품 발암성물질",""), IF(VLOOKUP(표1[[#This Row],[CAS No.]],[1]규제DB_고용노동부고시_CMR!$B:$J,3,FALSE)="구분1B", IF(표1[[#This Row],[함량(W%)]]>=VLOOKUP(표1[[#This Row],[CAS No.]],[1]규제DB_고용노동부고시_CMR!$B:$J,4,FALSE),"제품 발암성물질",""), IF(VLOOKUP(표1[[#This Row],[CAS No.]],[1]규제DB_고용노동부고시_CMR!$B:$J,3,FALSE)="구분2", IF(표1[[#This Row],[함량(W%)]]>=VLOOKUP(표1[[#This Row],[CAS No.]],[1]규제DB_고용노동부고시_CMR!$B:$J,4,FALSE),"제품 발암성물질",""),""))),"") | BW7: =IFERROR(IF(VLOOKUP(표1[[#This Row],[CAS No.]],[1]규제DB_고용노동부고시_CMR!$B:$J,5,FALSE)="구분1A", IF(표1[[#This Row],[함량(W%)]]>=VLOOKUP(표1[[#This Row],[CAS No.]],[1]규제DB_고용노동부고시_CMR!$B:$J,6,FALSE),"제품 생식세포변이원성물질",""), IF(VLOOKUP(표1[[#This Row],[CAS No.]],[1]규제DB_고용노동부고시_CMR!$B:$J,5,FALSE)="구분1B", IF(표1[[#This Row],[함량(W%)]]>=VLOOKUP(표1[[#This Row],[CAS No.]],[1]규제DB_고용노동부고시_CMR!$B:$J,6,FALSE),"제품 생식세포변이원성물질",""), IF(VLOOKUP(표1[[#This Row],[CAS No.]],[1]규제DB_고용노동부고시_CMR!$B:$J,5,FALSE)="구분2", IF(표1[[#This Row],[함량(W%)]]>=VLOOKUP(표1[[#This Row],[CAS No.]],[1]규제DB_고용노동부고시_CMR!$B:$J,6,FALSE),"제품 생식세포변이원성물질",""),""))),"") | BX7: =IFERROR(IF(VLOOKUP(표1[[#This Row],[CAS No.]],[1]규제DB_고용노동부고시_CMR!$B:$J,7,FALSE)="구분1A", IF(표1[[#This Row],[함량(W%)]]>=VLOOKUP(표1[[#This Row],[CAS No.]],[1]규제DB_고용노동부고시_CMR!$B:$J,8,FALSE),"제품 생식독성물질",""), IF(VLOOKUP(표1[[#This Row],[CAS No.]],[1]규제DB_고용노동부고시_CMR!$B:$J,7,FALSE)="구분1B", IF(표1[[#This Row],[함량(W%)]]>=VLOOKUP(표1[[#This Row],[CAS No.]],[1]규제DB_고용노동부고시_CMR!$B:$J,8,FALSE),"제품 생식독성물질",""), IF(VLOOKUP(표1[[#This Row],[CAS No.]],[1]규제DB_고용노동부고시_CMR!$B:$J,7,FALSE)="구분2", IF(표1[[#This Row],[함량(W%)]]>=VLOOKUP(표1[[#This Row],[CAS No.]],[1]규제DB_고용노동부고시_CMR!$B:$J,8,FALSE),"제품 생식독성물질",""),""))),"") | BY7: =IFERROR(VLOOKUP(표1[[#This Row],[CAS No.]],[1]규제DB_위험물안전관리법_위험물!$B:$F,3,FALSE),"") | BZ7: =IFERROR(IF(표1[[#This Row],[CAS No.]]=VLOOKUP(표1[[#This Row],[CAS No.]],[1]규제DB_고압법_독성가스!$B:$D,1,FALSE),"독성가스",""),"") | CA7: =IFERROR(IF(표1[[#This Row],[CAS No.]]=VLOOKUP(표1[[#This Row],[CAS No.]],[1]규제DB_고압법_가연성가스!$B:$D,1,FALSE),"가연성가스",""),"") | CB7: =IFERROR(IF(표1[[#This Row],[CAS No.]]=VLOOKUP(표1[[#This Row],[CAS No.]],[1]규제DB_고압법_특수고압가스!$B:$D,1,FALSE),"특수고압가스",""),"") | CC7: =IFERROR(IF(표1[[#This Row],[CAS No.]]=VLOOKUP(표1[[#This Row],[CAS No.]],[1]규제DB_고압법_특정고압가스!$B:$D,1,FALSE),"특정고압가스",""),"") | CD7: =IFERROR(IF(표1[[#This Row],[함량(W%)]]>=VLOOKUP(표1[[#This Row],[CAS No.]],[1]규제DB_화관법_개별취급기준!$B:$G,5,FALSE),VLOOKUP(표1[[#This Row],[CAS No.]],[1]규제DB_화관법_개별취급기준!$B:$G,6,FALSE),""),"")
A8: 7 | C8: 삼화당피앤티 | E8: soocoat av-208mf | F8: 내자 | G8: O | H8: 윤전 | I8: 인쇄 | J8: ㈜수케미칼 | K8: ㈜수케미칼 | M8: 원부자재 | N8: 옵셋 윤전 인쇄용 | O8: 혼합물 | P8: 액체 | Q8: 2800 | R8: 2800 | U8: 2800 | V8: 2800 | W8: =표1[[#This Row],[자재코드]]&"_"&표1[[#This Row],[자재명]]&"_"&표1[[#This Row],[공급업체명]] -> _soocoat av-208mf_㈜수케미칼 | X8: 암모니아 | AB8: 0.09 | AC8: 코팅제 | AD8: X | AE8: O | AF8: O | AH8: 7664-41-7 | AI8: =IFERROR(표1[[#This Row],[사용량(kg)]]*표1[[#This Row],[함량(W%)]]/100,"") -> 2.52 | AR8: =IFERROR(IF(표1[[#This Row],[함량(W%)]]>=VLOOKUP(표1[[#This Row],[CAS No.]],[1]규제DB_유해법_유독물!B:F,5,FALSE),"유독물질 제품",""),"") | AS8: =IFERROR(VLOOKUP(표1[[#This Row],[CAS No.]],[1]규제DB_유해법_금지물질!B:G,3,FALSE),"") | AT8: =IFERROR(VLOOKUP(표1[[#This Row],[CAS No.]],[1]규제DB_유해법_금지물질!B:G,4,FALSE)&" 인지 확인하세요","") | AU8: =IFERROR(VLOOKUP(표1[[#This Row],[CAS No.]],[1]규제DB_유해법_제한물질!B:G,3,FALSE),"") | AV8: =IFERROR(IF(표1[[#This Row],[함량(W%)]]>=VLOOKUP(표1[[#This Row],[CAS No.]],[1]규제DB_유해법_제한물질!$B:$G,5,FALSE),"제한 제품",""),"") | BA8: =IFERROR(IF(표1[[#This Row],[함량(W%)]]>=VLOOKUP(표1[[#This Row],[CAS No.]],[1]규제DB_유해법_사고대비물질!$B:$J,4,FALSE),VLOOKUP(표1[[#This Row],[CAS No.]],[1]규제DB_유해법_사고대비물질!$B$2:$J$70,7,FALSE),""),"") | BB8: =IFERROR(IF(표1[[#This Row],[함량(W%)]]>=VLOOKUP(표1[[#This Row],[CAS No.]],[1]규제DB_유해법_사고대비물질!$B:$J,4,FALSE),VLOOKUP(표1[[#This Row],[CAS No.]],[1]규제DB_유해법_사고대비물질!$B$2:$J$70,8,FALSE),""),"") | BC8: =IFERROR(IF(표1[[#This Row],[함량(W%)]]>=VLOOKUP(표1[[#This Row],[CAS No.]],[1]규제DB_유해법_사고대비물질!$B:$J,4,FALSE),VLOOKUP(표1[[#This Row],[CAS No.]],[1]규제DB_유해법_사고대비물질!$B$2:$J$70,9,FALSE),""),"") | BD8: =IFERROR(IF(표1[[#This Row],[함량(W%)]]>=VLOOKUP(표1[[#This Row],[CAS No.]],'[1]규제DB_유해법_배출량조사 I'!$B:$D,3,FALSE),IF(VLOOKUP(표1[[#This Row],[CAS No.]],[1]기초자료!$A:$C,3,FALSE)>=1000,"배출량조사 I 물질",""),""),"") | BF8: =IFERROR(IF(표1[[#This Row],[함량(W%)]]>=VLOOKUP(표1[[#This Row],[CAS No.]],[1]규제DB_산안법_금지물질!$B:$E,4,FALSE), VLOOKUP(표1[[#This Row],[CAS No.]],[1]규제DB_산안법_금지물질!$B:$E,2,FALSE)&" : "&VLOOKUP(표1[[#This Row],[CAS No.]],[1]규제DB_산안법_금지물질!$B:$E,3,FALSE)&" 인지 확인하세요",""),"") | BG8: =IFERROR(IF(표1[[#This Row],[함량(W%)]]>=VLOOKUP(표1[[#This Row],[CAS No.]],[1]규제DB_산안법_허가물질!$B:$E,4,FALSE), "제품 허가물질",""),"") | BH8: =IFERROR(IF(표1[[#This Row],[함량(W%)]]>=VLOOKUP(표1[[#This Row],[CAS No.]], [1]규제DB_산안법_특별관리물질!$B:$E,4,FALSE), "제품 특별관리물질",""),"") | BJ8: =IFERROR(IF(표1[[#This Row],[CAS No.]]=VLOOKUP(표1[[#This Row],[CAS No.]], [1]규제DB_산안법_허용기준이하물질!$B:$D,1,FALSE),"제품 허용기준이하물질",""),"") | BK8: =IFERROR(VLOOKUP(표1[[#This Row],[CAS No.]], [1]규제DB_산안법_허용기준이하물질!$B:$D,3,FALSE),"") | BQ8: =IFERROR(VLOOKUP(표1[[#This Row],[CAS No.]], [1]규제DB_산안법_노출기준설정물질!$B:$K,8,FALSE),"") | BR8: =IFERROR(VLOOKUP(표1[[#This Row],[CAS No.]], [1]규제DB_산안법_노출기준설정물질!$B:$K,9,FALSE),"") | BS8: =IFERROR(VLOOKUP(표1[[#This Row],[CAS No.]], [1]규제DB_산안법_노출기준설정물질!$B:$K,10,FALSE),"") | BV8: =IFERROR(IF(VLOOKUP(표1[[#This Row],[CAS No.]],[1]규제DB_고용노동부고시_CMR!$B:$J,3,FALSE)="구분1A", IF(표1[[#This Row],[함량(W%)]]>=VLOOKUP(표1[[#This Row],[CAS No.]],[1]규제DB_고용노동부고시_CMR!$B:$J,4,FALSE),"제품 발암성물질",""), IF(VLOOKUP(표1[[#This Row],[CAS No.]],[1]규제DB_고용노동부고시_CMR!$B:$J,3,FALSE)="구분1B", IF(표1[[#This Row],[함량(W%)]]>=VLOOKUP(표1[[#This Row],[CAS No.]],[1]규제DB_고용노동부고시_CMR!$B:$J,4,FALSE),"제품 발암성물질",""), IF(VLOOKUP(표1[[#This Row],[CAS No.]],[1]규제DB_고용노동부고시_CMR!$B:$J,3,FALSE)="구분2", IF(표1[[#This Row],[함량(W%)]]>=VLOOKUP(표1[[#This Row],[CAS No.]],[1]규제DB_고용노동부고시_CMR!$B:$J,4,FALSE),"제품 발암성물질",""),""))),"") | BW8: =IFERROR(IF(VLOOKUP(표1[[#This Row],[CAS No.]],[1]규제DB_고용노동부고시_CMR!$B:$J,5,FALSE)="구분1A", IF(표1[[#This Row],[함량(W%)]]>=VLOOKUP(표1[[#This Row],[CAS No.]],[1]규제DB_고용노동부고시_CMR!$B:$J,6,FALSE),"제품 생식세포변이원성물질",""), IF(VLOOKUP(표1[[#This Row],[CAS No.]],[1]규제DB_고용노동부고시_CMR!$B:$J,5,FALSE)="구분1B", IF(표1[[#This Row],[함량(W%)]]>=VLOOKUP(표1[[#This Row],[CAS No.]],[1]규제DB_고용노동부고시_CMR!$B:$J,6,FALSE),"제품 생식세포변이원성물질",""), IF(VLOOKUP(표1[[#This Row],[CAS No.]],[1]규제DB_고용노동부고시_CMR!$B:$J,5,FALSE)="구분2", IF(표1[[#This Row],[함량(W%)]]>=VLOOKUP(표1[[#This Row],[CAS No.]],[1]규제DB_고용노동부고시_CMR!$B:$J,6,FALSE),"제품 생식세포변이원성물질",""),""))),"") | BX8: =IFERROR(IF(VLOOKUP(표1[[#This Row],[CAS No.]],[1]규제DB_고용노동부고시_CMR!$B:$J,7,FALSE)="구분1A", IF(표1[[#This Row],[함량(W%)]]>=VLOOKUP(표1[[#This Row],[CAS No.]],[1]규제DB_고용노동부고시_CMR!$B:$J,8,FALSE),"제품 생식독성물질",""), IF(VLOOKUP(표1[[#This Row],[CAS No.]],[1]규제DB_고용노동부고시_CMR!$B:$J,7,FALSE)="구분1B", IF(표1[[#This Row],[함량(W%)]]>=VLOOKUP(표1[[#This Row],[CAS No.]],[1]규제DB_고용노동부고시_CMR!$B:$J,8,FALSE),"제품 생식독성물질",""), IF(VLOOKUP(표1[[#This Row],[CAS No.]],[1]규제DB_고용노동부고시_CMR!$B:$J,7,FALSE)="구분2", IF(표1[[#This Row],[함량(W%)]]>=VLOOKUP(표1[[#This Row],[CAS No.]],[1]규제DB_고용노동부고시_CMR!$B:$J,8,FALSE),"제품 생식독성물질",""),""))),"") | BY8: =IFERROR(VLOOKUP(표1[[#This Row],[CAS No.]],[1]규제DB_위험물안전관리법_위험물!$B:$F,3,FALSE),"") | CB8: =IFERROR(IF(표1[[#This Row],[CAS No.]]=VLOOKUP(표1[[#This Row],[CAS No.]],[1]규제DB_고압법_특수고압가스!$B:$D,1,FALSE),"특수고압가스",""),"") | CC8: =IFERROR(IF(표1[[#This Row],[CAS No.]]=VLOOKUP(표1[[#This Row],[CAS No.]],[1]규제DB_고압법_특정고압가스!$B:$D,1,FALSE),"특정고압가스",""),"") | CD8: =IFERROR(IF(표1[[#This Row],[함량(W%)]]>=VLOOKUP(표1[[#This Row],[CAS No.]],[1]규제DB_화관법_개별취급기준!$B:$G,5,FALSE),VLOOKUP(표1[[#This Row],[CAS No.]],[1]규제DB_화관법_개별취급기준!$B:$G,6,FALSE),""),"")
A9: 8 | C9: 삼화당피앤티 | E9: soocoat av-208mf | F9: 내자 | G9: O | H9: 윤전 | I9: 인쇄 | J9: ㈜수케미칼 | K9: ㈜수케미칼 | M9: 원부자재 | N9: 옵셋 윤전 인쇄용 | O9: 혼합물 | P9: 액체 | Q9: 2800 | R9: 2800 | U9: 2800 | V9: 2800 | W9: =표1[[#This Row],[자재코드]]&"_"&표1[[#This Row],[자재명]]&"_"&표1[[#This Row],[공급업체명]] -> _soocoat av-208mf_㈜수케미칼 | X9: 물(WATER) | AB9: 50 | AC9: 코팅제 | AD9: X | AE9: O | AF9: O | AH9: 7732-18-5 | AI9: =IFERROR(표1[[#This Row],[사용량(kg)]]*표1[[#This Row],[함량(W%)]]/100,"") -> 1400 | AR9: =IFERROR(IF(표1[[#This Row],[함량(W%)]]>=VLOOKUP(표1[[#This Row],[CAS No.]],[1]규제DB_유해법_유독물!B:F,5,FALSE),"유독물질 제품",""),"") | AS9: =IFERROR(VLOOKUP(표1[[#This Row],[CAS No.]],[1]규제DB_유해법_금지물질!B:G,3,FALSE),"") | AT9: =IFERROR(VLOOKUP(표1[[#This Row],[CAS No.]],[1]규제DB_유해법_금지물질!B:G,4,FALSE)&" 인지 확인하세요","") | AU9: =IFERROR(VLOOKUP(표1[[#This Row],[CAS No.]],[1]규제DB_유해법_제한물질!B:G,3,FALSE),"") | AV9: =IFERROR(IF(표1[[#This Row],[함량(W%)]]>=VLOOKUP(표1[[#This Row],[CAS No.]],[1]규제DB_유해법_제한물질!$B:$G,5,FALSE),"제한 제품",""),"") | BA9: =IFERROR(IF(표1[[#This Row],[함량(W%)]]>=VLOOKUP(표1[[#This Row],[CAS No.]],[1]규제DB_유해법_사고대비물질!$B:$J,4,FALSE),VLOOKUP(표1[[#This Row],[CAS No.]],[1]규제DB_유해법_사고대비물질!$B$2:$J$70,7,FALSE),""),"") | BB9: =IFERROR(IF(표1[[#This Row],[함량(W%)]]>=VLOOKUP(표1[[#This Row],[CAS No.]],[1]규제DB_유해법_사고대비물질!$B:$J,4,FALSE),VLOOKUP(표1[[#This Row],[CAS No.]],[1]규제DB_유해법_사고대비물질!$B$2:$J$70,8,FALSE),""),"") | BC9: =IFERROR(IF(표1[[#This Row],[함량(W%)]]>=VLOOKUP(표1[[#This Row],[CAS No.]],[1]규제DB_유해법_사고대비물질!$B:$J,4,FALSE),VLOOKUP(표1[[#This Row],[CAS No.]],[1]규제DB_유해법_사고대비물질!$B$2:$J$70,9,FALSE),""),"") | BD9: =IFERROR(IF(표1[[#This Row],[함량(W%)]]>=VLOOKUP(표1[[#This Row],[CAS No.]],'[1]규제DB_유해법_배출량조사 I'!$B:$D,3,FALSE),IF(VLOOKUP(표1[[#This Row],[CAS No.]],[1]기초자료!$A:$C,3,FALSE)>=1000,"배출량조사 I 물질",""),""),"") | BF9: =IFERROR(IF(표1[[#This Row],[함량(W%)]]>=VLOOKUP(표1[[#This Row],[CAS No.]],[1]규제DB_산안법_금지물질!$B:$E,4,FALSE), VLOOKUP(표1[[#This Row],[CAS No.]],[1]규제DB_산안법_금지물질!$B:$E,2,FALSE)&" : "&VLOOKUP(표1[[#This Row],[CAS No.]],[1]규제DB_산안법_금지물질!$B:$E,3,FALSE)&" 인지 확인하세요",""),"") | BG9: =IFERROR(IF(표1[[#This Row],[함량(W%)]]>=VLOOKUP(표1[[#This Row],[CAS No.]],[1]규제DB_산안법_허가물질!$B:$E,4,FALSE), "제품 허가물질",""),"") | BH9: =IFERROR(IF(표1[[#This Row],[함량(W%)]]>=VLOOKUP(표1[[#This Row],[CAS No.]], [1]규제DB_산안법_특별관리물질!$B:$E,4,FALSE), "제품 특별관리물질",""),"") | BJ9: =IFERROR(IF(표1[[#This Row],[CAS No.]]=VLOOKUP(표1[[#This Row],[CAS No.]], [1]규제DB_산안법_허용기준이하물질!$B:$D,1,FALSE),"제품 허용기준이하물질",""),"") | BK9: =IFERROR(VLOOKUP(표1[[#This Row],[CAS No.]], [1]규제DB_산안법_허용기준이하물질!$B:$D,3,FALSE),"") | BQ9: =IFERROR(VLOOKUP(표1[[#This Row],[CAS No.]], [1]규제DB_산안법_노출기준설정물질!$B:$K,8,FALSE),"") | BR9: =IFERROR(VLOOKUP(표1[[#This Row],[CAS No.]], [1]규제DB_산안법_노출기준설정물질!$B:$K,9,FALSE),"") | BS9: =IFERROR(VLOOKUP(표1[[#This Row],[CAS No.]], [1]규제DB_산안법_노출기준설정물질!$B:$K,10,FALSE),"") | BV9: =IFERROR(IF(VLOOKUP(표1[[#This Row],[CAS No.]],[1]규제DB_고용노동부고시_CMR!$B:$J,3,FALSE)="구분1A", IF(표1[[#This Row],[함량(W%)]]>=VLOOKUP(표1[[#This Row],[CAS No.]],[1]규제DB_고용노동부고시_CMR!$B:$J,4,FALSE),"제품 발암성물질",""), IF(VLOOKUP(표1[[#This Row],[CAS No.]],[1]규제DB_고용노동부고시_CMR!$B:$J,3,FALSE)="구분1B", IF(표1[[#This Row],[함량(W%)]]>=VLOOKUP(표1[[#This Row],[CAS No.]],[1]규제DB_고용노동부고시_CMR!$B:$J,4,FALSE),"제품 발암성물질",""), IF(VLOOKUP(표1[[#This Row],[CAS No.]],[1]규제DB_고용노동부고시_CMR!$B:$J,3,FALSE)="구분2", IF(표1[[#This Row],[함량(W%)]]>=VLOOKUP(표1[[#This Row],[CAS No.]],[1]규제DB_고용노동부고시_CMR!$B:$J,4,FALSE),"제품 발암성물질",""),""))),"") | BW9: =IFERROR(IF(VLOOKUP(표1[[#This Row],[CAS No.]],[1]규제DB_고용노동부고시_CMR!$B:$J,5,FALSE)="구분1A", IF(표1[[#This Row],[함량(W%)]]>=VLOOKUP(표1[[#This Row],[CAS No.]],[1]규제DB_고용노동부고시_CMR!$B:$J,6,FALSE),"제품 생식세포변이원성물질",""), IF(VLOOKUP(표1[[#This Row],[CAS No.]],[1]규제DB_고용노동부고시_CMR!$B:$J,5,FALSE)="구분1B", IF(표1[[#This Row],[함량(W%)]]>=VLOOKUP(표1[[#This Row],[CAS No.]],[1]규제DB_고용노동부고시_CMR!$B:$J,6,FALSE),"제품 생식세포변이원성물질",""), IF(VLOOKUP(표1[[#This Row],[CAS No.]],[1]규제DB_고용노동부고시_CMR!$B:$J,5,FALSE)="구분2", IF(표1[[#This Row],[함량(W%)]]>=VLOOKUP(표1[[#This Row],[CAS No.]],[1]규제DB_고용노동부고시_CMR!$B:$J,6,FALSE),"제품 생식세포변이원성물질",""),""))),"") | BX9: =IFERROR(IF(VLOOKUP(표1[[#This Row],[CAS No.]],[1]규제DB_고용노동부고시_CMR!$B:$J,7,FALSE)="구분1A", IF(표1[[#This Row],[함량(W%)]]>=VLOOKUP(표1[[#This Row],[CAS No.]],[1]규제DB_고용노동부고시_CMR!$B:$J,8,FALSE),"제품 생식독성물질",""), IF(VLOOKUP(표1[[#This Row],[CAS No.]],[1]규제DB_고용노동부고시_CMR!$B:$J,7,FALSE)="구분1B", IF(표1[[#This Row],[함량(W%)]]>=VLOOKUP(표1[[#This Row],[CAS No.]],[1]규제DB_고용노동부고시_CMR!$B:$J,8,FALSE),"제품 생식독성물질",""), IF(VLOOKUP(표1[[#This Row],[CAS No.]],[1]규제DB_고용노동부고시_CMR!$B:$J,7,FALSE)="구분2", IF(표1[[#This Row],[함량(W%)]]>=VLOOKUP(표1[[#This Row],[CAS No.]],[1]규제DB_고용노동부고시_CMR!$B:$J,8,FALSE),"제품 생식독성물질",""),""))),"") | BY9: =IFERROR(VLOOKUP(표1[[#This Row],[CAS No.]],[1]규제DB_위험물안전관리법_위험물!$B:$F,3,FALSE),"") | BZ9: =IFERROR(IF(표1[[#This Row],[CAS No.]]=VLOOKUP(표1[[#This Row],[CAS No.]],[1]규제DB_고압법_독성가스!$B:$D,1,FALSE),"독성가스",""),"") | CA9: =IFERROR(IF(표1[[#This Row],[CAS No.]]=VLOOKUP(표1[[#This Row],[CAS No.]],[1]규제DB_고압법_가연성가스!$B:$D,1,FALSE),"가연성가스",""),"") | CB9: =IFERROR(IF(표1[[#This Row],[CAS No.]]=VLOOKUP(표1[[#This Row],[CAS No.]],[1]규제DB_고압법_특수고압가스!$B:$D,1,FALSE),"특수고압가스",""),"") | CC9: =IFERROR(IF(표1[[#This Row],[CAS No.]]=VLOOKUP(표1[[#This Row],[CAS No.]],[1]규제DB_고압법_특정고압가스!$B:$D,1,FALSE),"특정고압가스",""),"") | CD9: =IFERROR(IF(표1[[#This Row],[함량(W%)]]>=VLOOKUP(표1[[#This Row],[CAS No.]],[1]규제DB_화관법_개별취급기준!$B:$G,5,FALSE),VLOOKUP(표1[[#This Row],[CAS No.]],[1]규제DB_화관법_개별취급기준!$B:$G,6,FALSE),""),"")
A10: 9 | C10: 삼화당피앤티 | E10: soocoat av-208mf | F10: 내자 | G10: O | H10: 윤전 | I10: 인쇄 | J10: ㈜수케미칼 | K10: ㈜수케미칼 | M10: 원부자재 | N10: 옵셋 윤전 인쇄용 | O10: 혼합물 | P10: 액체 | Q10: 2800 | R10: 2800 | U10: 2800 | V10: 2800 | W10: =표1[[#This Row],[자재코드]]&"_"&표1[[#This Row],[자재명]]&"_"&표1[[#This Row],[공급업체명]] -> _soocoat av-208mf_㈜수케미칼 | X10: 이소프로필 알코올 | AB10: 1.6 | AC10: 코팅제 | AD10: X | AE10: O | AF10: O | AH10: 67-63-0 | AI10: =IFERROR(표1[[#This Row],[사용량(kg)]]*표1[[#This Row],[함량(W%)]]/100,"") -> 44.8 | AR10: =IFERROR(IF(표1[[#This Row],[함량(W%)]]>=VLOOKUP(표1[[#This Row],[CAS No.]],[1]규제DB_유해법_유독물!B:F,5,FALSE),"유독물질 제품",""),"") | AS10: =IFERROR(VLOOKUP(표1[[#This Row],[CAS No.]],[1]규제DB_유해법_금지물질!B:G,3,FALSE),"") | AT10: =IFERROR(VLOOKUP(표1[[#This Row],[CAS No.]],[1]규제DB_유해법_금지물질!B:G,4,FALSE)&" 인지 확인하세요","") | AU10: =IFERROR(VLOOKUP(표1[[#This Row],[CAS No.]],[1]규제DB_유해법_제한물질!B:G,3,FALSE),"") | AV10: =IFERROR(IF(표1[[#This Row],[함량(W%)]]>=VLOOKUP(표1[[#This Row],[CAS No.]],[1]규제DB_유해법_제한물질!$B:$G,5,FALSE),"제한 제품",""),"") | BA10: =IFERROR(IF(표1[[#This Row],[함량(W%)]]>=VLOOKUP(표1[[#This Row],[CAS No.]],[1]규제DB_유해법_사고대비물질!$B:$J,4,FALSE),VLOOKUP(표1[[#This Row],[CAS No.]],[1]규제DB_유해법_사고대비물질!$B$2:$J$70,7,FALSE),""),"") | BB10: =IFERROR(IF(표1[[#This Row],[함량(W%)]]>=VLOOKUP(표1[[#This Row],[CAS No.]],[1]규제DB_유해법_사고대비물질!$B:$J,4,FALSE),VLOOKUP(표1[[#This Row],[CAS No.]],[1]규제DB_유해법_사고대비물질!$B$2:$J$70,8,FALSE),""),"") | BC10: =IFERROR(IF(표1[[#This Row],[함량(W%)]]>=VLOOKUP(표1[[#This Row],[CAS No.]],[1]규제DB_유해법_사고대비물질!$B:$J,4,FALSE),VLOOKUP(표1[[#This Row],[CAS No.]],[1]규제DB_유해법_사고대비물질!$B$2:$J$70,9,FALSE),""),"") | BD10: =IFERROR(IF(표1[[#This Row],[함량(W%)]]>=VLOOKUP(표1[[#This Row],[CAS No.]],'[1]규제DB_유해법_배출량조사 I'!$B:$D,3,FALSE),IF(VLOOKUP(표1[[#This Row],[CAS No.]],[1]기초자료!$A:$C,3,FALSE)>=1000,"배출량조사 I 물질",""),""),"") | BF10: =IFERROR(IF(표1[[#This Row],[함량(W%)]]>=VLOOKUP(표1[[#This Row],[CAS No.]],[1]규제DB_산안법_금지물질!$B:$E,4,FALSE), VLOOKUP(표1[[#This Row],[CAS No.]],[1]규제DB_산안법_금지물질!$B:$E,2,FALSE)&" : "&VLOOKUP(표1[[#This Row],[CAS No.]],[1]규제DB_산안법_금지물질!$B:$E,3,FALSE)&" 인지 확인하세요",""),"") | BG10: =IFERROR(IF(표1[[#This Row],[함량(W%)]]>=VLOOKUP(표1[[#This Row],[CAS No.]],[1]규제DB_산안법_허가물질!$B:$E,4,FALSE), "제품 허가물질",""),"") | BH10: =IFERROR(IF(표1[[#This Row],[함량(W%)]]>=VLOOKUP(표1[[#This Row],[CAS No.]], [1]규제DB_산안법_특별관리물질!$B:$E,4,FALSE), "제품 특별관리물질",""),"") | BJ10: =IFERROR(IF(표1[[#This Row],[CAS No.]]=VLOOKUP(표1[[#This Row],[CAS No.]], [1]규제DB_산안법_허용기준이하물질!$B:$D,1,FALSE),"제품 허용기준이하물질",""),"") | BK10: =IFERROR(VLOOKUP(표1[[#This Row],[CAS No.]], [1]규제DB_산안법_허용기준이하물질!$B:$D,3,FALSE),"") | BQ10: =IFERROR(VLOOKUP(표1[[#This Row],[CAS No.]], [1]규제DB_산안법_노출기준설정물질!$B:$K,8,FALSE),"") | BR10: =IFERROR(VLOOKUP(표1[[#This Row],[CAS No.]], [1]규제DB_산안법_노출기준설정물질!$B:$K,9,FALSE),"") | BS10: =IFERROR(VLOOKUP(표1[[#This Row],[CAS No.]], [1]규제DB_산안법_노출기준설정물질!$B:$K,10,FALSE),"") | BV10: =IFERROR(IF(VLOOKUP(표1[[#This Row],[CAS No.]],[1]규제DB_고용노동부고시_CMR!$B:$J,3,FALSE)="구분1A", IF(표1[[#This Row],[함량(W%)]]>=VLOOKUP(표1[[#This Row],[CAS No.]],[1]규제DB_고용노동부고시_CMR!$B:$J,4,FALSE),"제품 발암성물질",""), IF(VLOOKUP(표1[[#This Row],[CAS No.]],[1]규제DB_고용노동부고시_CMR!$B:$J,3,FALSE)="구분1B", IF(표1[[#This Row],[함량(W%)]]>=VLOOKUP(표1[[#This Row],[CAS No.]],[1]규제DB_고용노동부고시_CMR!$B:$J,4,FALSE),"제품 발암성물질",""), IF(VLOOKUP(표1[[#This Row],[CAS No.]],[1]규제DB_고용노동부고시_CMR!$B:$J,3,FALSE)="구분2", IF(표1[[#This Row],[함량(W%)]]>=VLOOKUP(표1[[#This Row],[CAS No.]],[1]규제DB_고용노동부고시_CMR!$B:$J,4,FALSE),"제품 발암성물질",""),""))),"") | BW10: =IFERROR(IF(VLOOKUP(표1[[#This Row],[CAS No.]],[1]규제DB_고용노동부고시_CMR!$B:$J,5,FALSE)="구분1A", IF(표1[[#This Row],[함량(W%)]]>=VLOOKUP(표1[[#This Row],[CAS No.]],[1]규제DB_고용노동부고시_CMR!$B:$J,6,FALSE),"제품 생식세포변이원성물질",""), IF(VLOOKUP(표1[[#This Row],[CAS No.]],[1]규제DB_고용노동부고시_CMR!$B:$J,5,FALSE)="구분1B", IF(표1[[#This Row],[함량(W%)]]>=VLOOKUP(표1[[#This Row],[CAS No.]],[1]규제DB_고용노동부고시_CMR!$B:$J,6,FALSE),"제품 생식세포변이원성물질",""), IF(VLOOKUP(표1[[#This Row],[CAS No.]],[1]규제DB_고용노동부고시_CMR!$B:$J,5,FALSE)="구분2", IF(표1[[#This Row],[함량(W%)]]>=VLOOKUP(표1[[#This Row],[CAS No.]],[1]규제DB_고용노동부고시_CMR!$B:$J,6,FALSE),"제품 생식세포변이원성물질",""),""))),"") | BX10: =IFERROR(IF(VLOOKUP(표1[[#This Row],[CAS No.]],[1]규제DB_고용노동부고시_CMR!$B:$J,7,FALSE)="구분1A", IF(표1[[#This Row],[함량(W%)]]>=VLOOKUP(표1[[#This Row],[CAS No.]],[1]규제DB_고용노동부고시_CMR!$B:$J,8,FALSE),"제품 생식독성물질",""), IF(VLOOKUP(표1[[#This Row],[CAS No.]],[1]규제DB_고용노동부고시_CMR!$B:$J,7,FALSE)="구분1B", IF(표1[[#This Row],[함량(W%)]]>=VLOOKUP(표1[[#This Row],[CAS No.]],[1]규제DB_고용노동부고시_CMR!$B:$J,8,FALSE),"제품 생식독성물질",""), IF(VLOOKUP(표1[[#This Row],[CAS No.]],[1]규제DB_고용노동부고시_CMR!$B:$J,7,FALSE)="구분2", IF(표1[[#This Row],[함량(W%)]]>=VLOOKUP(표1[[#This Row],[CAS No.]],[1]규제DB_고용노동부고시_CMR!$B:$J,8,FALSE),"제품 생식독성물질",""),""))),"") | BZ10: =IFERROR(IF(표1[[#This Row],[CAS No.]]=VLOOKUP(표1[[#This Row],[CAS No.]],[1]규제DB_고압법_독성가스!$B:$D,1,FALSE),"독성가스",""),"") | CA10: =IFERROR(IF(표1[[#This Row],[CAS No.]]=VLOOKUP(표1[[#This Row],[CAS No.]],[1]규제DB_고압법_가연성가스!$B:$D,1,FALSE),"가연성가스",""),"") | CB10: =IFERROR(IF(표1[[#This Row],[CAS No.]]=VLOOKUP(표1[[#This Row],[CAS No.]],[1]규제DB_고압법_특수고압가스!$B:$D,1,FALSE),"특수고압가스",""),"") | CC10: =IFERROR(IF(표1[[#This Row],[CAS No.]]=VLOOKUP(표1[[#This Row],[CAS No.]],[1]규제DB_고압법_특정고압가스!$B:$D,1,FALSE),"특정고압가스",""),"") | CD10: =IFERROR(IF(표1[[#This Row],[함량(W%)]]>=VLOOKUP(표1[[#This Row],[CAS No.]],[1]규제DB_화관법_개별취급기준!$B:$G,5,FALSE),VLOOKUP(표1[[#This Row],[CAS No.]],[1]규제DB_화관법_개별취급기준!$B:$G,6,FALSE),""),"")
A11: 10 | C11: 삼화당피앤티 | E11: dh-237 | F11: 내자 | G11: O | H11: 접착 | I11: 접착 | J11: 대현화학 | K11: 대현화학 | M11: 원부자재 | N11: 접착 장비용 접착제 | O11: 혼합물 | P11: 고체 | Q11: 200 | R11: 200 | U11: 200 | V11: 200 | W11: =표1[[#This Row],[자재코드]]&"_"&표1[[#This Row],[자재명]]&"_"&표1[[#This Row],[공급업체명]] -> _dh-237_대현화학 | X11: 스타이렌-부타디엔 고무(STYRENE-BUTADIENE RUBBER) | AB11: 5 | AC11: 주성분 | AD11: X | AE11: O | AF11: O | AH11: 9003-55-8 | AI11: =IFERROR(표1[[#This Row],[사용량(kg)]]*표1[[#This Row],[함량(W%)]]/100,"") -> 10 | AR11: =IFERROR(IF(표1[[#This Row],[함량(W%)]]>=VLOOKUP(표1[[#This Row],[CAS No.]],[1]규제DB_유해법_유독물!B:F,5,FALSE),"유독물질 제품",""),"") | AS11: =IFERROR(VLOOKUP(표1[[#This Row],[CAS No.]],[1]규제DB_유해법_금지물질!B:G,3,FALSE),"") | AT11: =IFERROR(VLOOKUP(표1[[#This Row],[CAS No.]],[1]규제DB_유해법_금지물질!B:G,4,FALSE)&" 인지 확인하세요","") | AU11: =IFERROR(VLOOKUP(표1[[#This Row],[CAS No.]],[1]규제DB_유해법_제한물질!B:G,3,FALSE),"") | AV11: =IFERROR(IF(표1[[#This Row],[함량(W%)]]>=VLOOKUP(표1[[#This Row],[CAS No.]],[1]규제DB_유해법_제한물질!$B:$G,5,FALSE),"제한 제품",""),"") | BA11: =IFERROR(IF(표1[[#This Row],[함량(W%)]]>=VLOOKUP(표1[[#This Row],[CAS No.]],[1]규제DB_유해법_사고대비물질!$B:$J,4,FALSE),VLOOKUP(표1[[#This Row],[CAS No.]],[1]규제DB_유해법_사고대비물질!$B$2:$J$70,7,FALSE),""),"") | BB11: =IFERROR(IF(표1[[#This Row],[함량(W%)]]>=VLOOKUP(표1[[#This Row],[CAS No.]],[1]규제DB_유해법_사고대비물질!$B:$J,4,FALSE),VLOOKUP(표1[[#This Row],[CAS No.]],[1]규제DB_유해법_사고대비물질!$B$2:$J$70,8,FALSE),""),"") | BC11: =IFERROR(IF(표1[[#This Row],[함량(W%)]]>=VLOOKUP(표1[[#This Row],[CAS No.]],[1]규제DB_유해법_사고대비물질!$B:$J,4,FALSE),VLOOKUP(표1[[#This Row],[CAS No.]],[1]규제DB_유해법_사고대비물질!$B$2:$J$70,9,FALSE),""),"") | BD11: =IFERROR(IF(표1[[#This Row],[함량(W%)]]>=VLOOKUP(표1[[#This Row],[CAS No.]],'[1]규제DB_유해법_배출량조사 I'!$B:$D,3,FALSE),IF(VLOOKUP(표1[[#This Row],[CAS No.]],[1]기초자료!$A:$C,3,FALSE)>=1000,"배출량조사 I 물질",""),""),"") | BF11: =IFERROR(IF(표1[[#This Row],[함량(W%)]]>=VLOOKUP(표1[[#This Row],[CAS No.]],[1]규제DB_산안법_금지물질!$B:$E,4,FALSE), VLOOKUP(표1[[#This Row],[CAS No.]],[1]규제DB_산안법_금지물질!$B:$E,2,FALSE)&" : "&VLOOKUP(표1[[#This Row],[CAS No.]],[1]규제DB_산안법_금지물질!$B:$E,3,FALSE)&" 인지 확인하세요",""),"") | BG11: =IFERROR(IF(표1[[#This Row],[함량(W%)]]>=VLOOKUP(표1[[#This Row],[CAS No.]],[1]규제DB_산안법_허가물질!$B:$E,4,FALSE), "제품 허가물질",""),"") | BH11: =IFERROR(IF(표1[[#This Row],[함량(W%)]]>=VLOOKUP(표1[[#This Row],[CAS No.]], [1]규제DB_산안법_특별관리물질!$B:$E,4,FALSE), "제품 특별관리물질",""),"") | BJ11: =IFERROR(IF(표1[[#This Row],[CAS No.]]=VLOOKUP(표1[[#This Row],[CAS No.]], [1]규제DB_산안법_허용기준이하물질!$B:$D,1,FALSE),"제품 허용기준이하물질",""),"") | BK11: =IFERROR(VLOOKUP(표1[[#This Row],[CAS No.]], [1]규제DB_산안법_허용기준이하물질!$B:$D,3,FALSE),"") | BQ11: =IFERROR(VLOOKUP(표1[[#This Row],[CAS No.]], [1]규제DB_산안법_노출기준설정물질!$B:$K,8,FALSE),"") | BR11: =IFERROR(VLOOKUP(표1[[#This Row],[CAS No.]], [1]규제DB_산안법_노출기준설정물질!$B:$K,9,FALSE),"") | BS11: =IFERROR(VLOOKUP(표1[[#This Row],[CAS No.]], [1]규제DB_산안법_노출기준설정물질!$B:$K,10,FALSE),"") | BV11: =IFERROR(IF(VLOOKUP(표1[[#This Row],[CAS No.]],[1]규제DB_고용노동부고시_CMR!$B:$J,3,FALSE)="구분1A", IF(표1[[#This Row],[함량(W%)]]>=VLOOKUP(표1[[#This Row],[CAS No.]],[1]규제DB_고용노동부고시_CMR!$B:$J,4,FALSE),"제품 발암성물질",""), IF(VLOOKUP(표1[[#This Row],[CAS No.]],[1]규제DB_고용노동부고시_CMR!$B:$J,3,FALSE)="구분1B", IF(표1[[#This Row],[함량(W%)]]>=VLOOKUP(표1[[#This Row],[CAS No.]],[1]규제DB_고용노동부고시_CMR!$B:$J,4,FALSE),"제품 발암성물질",""), IF(VLOOKUP(표1[[#This Row],[CAS No.]],[1]규제DB_고용노동부고시_CMR!$B:$J,3,FALSE)="구분2", IF(표1[[#This Row],[함량(W%)]]>=VLOOKUP(표1[[#This Row],[CAS No.]],[1]규제DB_고용노동부고시_CMR!$B:$J,4,FALSE),"제품 발암성물질",""),""))),"") | BW11: =IFERROR(IF(VLOOKUP(표1[[#This Row],[CAS No.]],[1]규제DB_고용노동부고시_CMR!$B:$J,5,FALSE)="구분1A", IF(표1[[#This Row],[함량(W%)]]>=VLOOKUP(표1[[#This Row],[CAS No.]],[1]규제DB_고용노동부고시_CMR!$B:$J,6,FALSE),"제품 생식세포변이원성물질",""), IF(VLOOKUP(표1[[#This Row],[CAS No.]],[1]규제DB_고용노동부고시_CMR!$B:$J,5,FALSE)="구분1B", IF(표1[[#This Row],[함량(W%)]]>=VLOOKUP(표1[[#This Row],[CAS No.]],[1]규제DB_고용노동부고시_CMR!$B:$J,6,FALSE),"제품 생식세포변이원성물질",""), IF(VLOOKUP(표1[[#This Row],[CAS No.]],[1]규제DB_고용노동부고시_CMR!$B:$J,5,FALSE)="구분2", IF(표1[[#This Row],[함량(W%)]]>=VLOOKUP(표1[[#This Row],[CAS No.]],[1]규제DB_고용노동부고시_CMR!$B:$J,6,FALSE),"제품 생식세포변이원성물질",""),""))),"") | BZ11: =IFERROR(IF(표1[[#This Row],[CAS No.]]=VLOOKUP(표1[[#This Row],[CAS No.]],[1]규제DB_고압법_독성가스!$B:$D,1,FALSE),"독성가스",""),"") | CA11: =IFERROR(IF(표1[[#This Row],[CAS No.]]=VLOOKUP(표1[[#This Row],[CAS No.]],[1]규제DB_고압법_가연성가스!$B:$D,1,FALSE),"가연성가스",""),"") | CB11: =IFERROR(IF(표1[[#This Row],[CAS No.]]=VLOOKUP(표1[[#This Row],[CAS No.]],[1]규제DB_고압법_특수고압가스!$B:$D,1,FALSE),"특수고압가스",""),"") | CC11: =IFERROR(IF(표1[[#This Row],[CAS No.]]=VLOOKUP(표1[[#This Row],[CAS No.]],[1]규제DB_고압법_특정고압가스!$B:$D,1,FALSE),"특정고압가스",""),"") | CD11: =IFERROR(IF(표1[[#This Row],[함량(W%)]]>=VLOOKUP(표1[[#This Row],[CAS No.]],[1]규제DB_화관법_개별취급기준!$B:$G,5,FALSE),VLOOKUP(표1[[#This Row],[CAS No.]],[1]규제DB_화관법_개별취급기준!$B:$G,6,FALSE),""),"")
A12: 11 | C12: 삼화당피앤티 | E12: dh-237 | F12: 내자 | G12: O | H12: 접착 | I12: 접착 | J12: 대현화학 | K12: 대현화학 | M12: 원부자재 | N12: 접착 장비용 접착제 | O12: 혼합물 | P12: 고체 | Q12: 200 | R12: 200 | U12: 200 | V12: 200 | W12: =표1[[#This Row],[자재코드]]&"_"&표1[[#This Row],[자재명]]&"_"&표1[[#This Row],[공급업체명]] -> _dh-237_대현화학 | X12: 로신; 에스테르 WITH 2,2-비스(하이드록시메틸)-1,3-프로판디올 | AB12: 5 | AC12: 주성분 | AD12: X | AE12: O | AF12: O | AH12: 8050-26-8 | AI12: =IFERROR(표1[[#This Row],[사용량(kg)]]*표1[[#This Row],[함량(W%)]]/100,"") -> 10 | AR12: =IFERROR(IF(표1[[#This Row],[함량(W%)]]>=VLOOKUP(표1[[#This Row],[CAS No.]],[1]규제DB_유해법_유독물!B:F,5,FALSE),"유독물질 제품",""),"") | AS12: =IFERROR(VLOOKUP(표1[[#This Row],[CAS No.]],[1]규제DB_유해법_금지물질!B:G,3,FALSE),"") | AT12: =IFERROR(VLOOKUP(표1[[#This Row],[CAS No.]],[1]규제DB_유해법_금지물질!B:G,4,FALSE)&" 인지 확인하세요","") | AU12: =IFERROR(VLOOKUP(표1[[#This Row],[CAS No.]],[1]규제DB_유해법_제한물질!B:G,3,FALSE),"") | AV12: =IFERROR(IF(표1[[#This Row],[함량(W%)]]>=VLOOKUP(표1[[#This Row],[CAS No.]],[1]규제DB_유해법_제한물질!$B:$G,5,FALSE),"제한 제품",""),"") | BA12: =IFERROR(IF(표1[[#This Row],[함량(W%)]]>=VLOOKUP(표1[[#This Row],[CAS No.]],[1]규제DB_유해법_사고대비물질!$B:$J,4,FALSE),VLOOKUP(표1[[#This Row],[CAS No.]],[1]규제DB_유해법_사고대비물질!$B$2:$J$70,7,FALSE),""),"") | BB12: =IFERROR(IF(표1[[#This Row],[함량(W%)]]>=VLOOKUP(표1[[#This Row],[CAS No.]],[1]규제DB_유해법_사고대비물질!$B:$J,4,FALSE),VLOOKUP(표1[[#This Row],[CAS No.]],[1]규제DB_유해법_사고대비물질!$B$2:$J$70,8,FALSE),""),"") | BC12: =IFERROR(IF(표1[[#This Row],[함량(W%)]]>=VLOOKUP(표1[[#This Row],[CAS No.]],[1]규제DB_유해법_사고대비물질!$B:$J,4,FALSE),VLOOKUP(표1[[#This Row],[CAS No.]],[1]규제DB_유해법_사고대비물질!$B$2:$J$70,9,FALSE),""),"") | BD12: =IFERROR(IF(표1[[#This Row],[함량(W%)]]>=VLOOKUP(표1[[#This Row],[CAS No.]],'[1]규제DB_유해법_배출량조사 I'!$B:$D,3,FALSE),IF(VLOOKUP(표1[[#This Row],[CAS No.]],[1]기초자료!$A:$C,3,FALSE)>=1000,"배출량조사 I 물질",""),""),"") | BF12: =IFERROR(IF(표1[[#This Row],[함량(W%)]]>=VLOOKUP(표1[[#This Row],[CAS No.]],[1]규제DB_산안법_금지물질!$B:$E,4,FALSE), VLOOKUP(표1[[#This Row],[CAS No.]],[1]규제DB_산안법_금지물질!$B:$E,2,FALSE)&" : "&VLOOKUP(표1[[#This Row],[CAS No.]],[1]규제DB_산안법_금지물질!$B:$E,3,FALSE)&" 인지 확인하세요",""),"") | BG12: =IFERROR(IF(표1[[#This Row],[함량(W%)]]>=VLOOKUP(표1[[#This Row],[CAS No.]],[1]규제DB_산안법_허가물질!$B:$E,4,FALSE), "제품 허가물질",""),"") | BH12: =IFERROR(IF(표1[[#This Row],[함량(W%)]]>=VLOOKUP(표1[[#This Row],[CAS No.]], [1]규제DB_산안법_특별관리물질!$B:$E,4,FALSE), "제품 특별관리물질",""),"") | BJ12: =IFERROR(IF(표1[[#This Row],[CAS No.]]=VLOOKUP(표1[[#This Row],[CAS No.]], [1]규제DB_산안법_허용기준이하물질!$B:$D,1,FALSE),"제품 허용기준이하물질",""),"") | BK12: =IFERROR(VLOOKUP(표1[[#This Row],[CAS No.]], [1]규제DB_산안법_허용기준이하물질!$B:$D,3,FALSE),"") | BQ12: =IFERROR(VLOOKUP(표1[[#This Row],[CAS No.]], [1]규제DB_산안법_노출기준설정물질!$B:$K,8,FALSE),"") | BR12: =IFERROR(VLOOKUP(표1[[#This Row],[CAS No.]], [1]규제DB_산안법_노출기준설정물질!$B:$K,9,FALSE),"") | BS12: =IFERROR(VLOOKUP(표1[[#This Row],[CAS No.]], [1]규제DB_산안법_노출기준설정물질!$B:$K,10,FALSE),"") | BV12: =IFERROR(IF(VLOOKUP(표1[[#This Row],[CAS No.]],[1]규제DB_고용노동부고시_CMR!$B:$J,3,FALSE)="구분1A", IF(표1[[#This Row],[함량(W%)]]>=VLOOKUP(표1[[#This Row],[CAS No.]],[1]규제DB_고용노동부고시_CMR!$B:$J,4,FALSE),"제품 발암성물질",""), IF(VLOOKUP(표1[[#This Row],[CAS No.]],[1]규제DB_고용노동부고시_CMR!$B:$J,3,FALSE)="구분1B", IF(표1[[#This Row],[함량(W%)]]>=VLOOKUP(표1[[#This Row],[CAS No.]],[1]규제DB_고용노동부고시_CMR!$B:$J,4,FALSE),"제품 발암성물질",""), IF(VLOOKUP(표1[[#This Row],[CAS No.]],[1]규제DB_고용노동부고시_CMR!$B:$J,3,FALSE)="구분2", IF(표1[[#This Row],[함량(W%)]]>=VLOOKUP(표1[[#This Row],[CAS No.]],[1]규제DB_고용노동부고시_CMR!$B:$J,4,FALSE),"제품 발암성물질",""),""))),"") | BW12: =IFERROR(IF(VLOOKUP(표1[[#This Row],[CAS No.]],[1]규제DB_고용노동부고시_CMR!$B:$J,5,FALSE)="구분1A", IF(표1[[#This Row],[함량(W%)]]>=VLOOKUP(표1[[#This Row],[CAS No.]],[1]규제DB_고용노동부고시_CMR!$B:$J,6,FALSE),"제품 생식세포변이원성물질",""), IF(VLOOKUP(표1[[#This Row],[CAS No.]],[1]규제DB_고용노동부고시_CMR!$B:$J,5,FALSE)="구분1B", IF(표1[[#This Row],[함량(W%)]]>=VLOOKUP(표1[[#This Row],[CAS No.]],[1]규제DB_고용노동부고시_CMR!$B:$J,6,FALSE),"제품 생식세포변이원성물질",""), IF(VLOOKUP(표1[[#This Row],[CAS No.]],[1]규제DB_고용노동부고시_CMR!$B:$J,5,FALSE)="구분2", IF(표1[[#This Row],[함량(W%)]]>=VLOOKUP(표1[[#This Row],[CAS No.]],[1]규제DB_고용노동부고시_CMR!$B:$J,6,FALSE),"제품 생식세포변이원성물질",""),""))),"") | BZ12: =IFERROR(IF(표1[[#This Row],[CAS No.]]=VLOOKUP(표1[[#This Row],[CAS No.]],[1]규제DB_고압법_독성가스!$B:$D,1,FALSE),"독성가스",""),"") | CA12: =IFERROR(IF(표1[[#This Row],[CAS No.]]=VLOOKUP(표1[[#This Row],[CAS No.]],[1]규제DB_고압법_가연성가스!$B:$D,1,FALSE),"가연성가스",""),"") | CB12: =IFERROR(IF(표1[[#This Row],[CAS No.]]=VLOOKUP(표1[[#This Row],[CAS No.]],[1]규제DB_고압법_특수고압가스!$B:$D,1,FALSE),"특수고압가스",""),"") | CC12: =IFERROR(IF(표1[[#This Row],[CAS No.]]=VLOOKUP(표1[[#This Row],[CAS No.]],[1]규제DB_고압법_특정고압가스!$B:$D,1,FALSE),"특정고압가스",""),"") | CD12: =IFERROR(IF(표1[[#This Row],[함량(W%)]]>=VLOOKUP(표1[[#This Row],[CAS No.]],[1]규제DB_화관법_개별취급기준!$B:$G,5,FALSE),VLOOKUP(표1[[#This Row],[CAS No.]],[1]규제DB_화관법_개별취급기준!$B:$G,6,FALSE),""),"")
A13: 12 | C13: 삼화당피앤티 | E13: dh-237 | F13: 내자 | G13: O | H13: 접착 | I13: 접착 | J13: 대현화학 | K13: 대현화학 | M13: 원부자재 | N13: 접착 장비용 접착제 | O13: 혼합물 | P13: 액체 | Q13: 200 | R13: 200 | U13: 200 | V13: 200 | W13: =표1[[#This Row],[자재코드]]&"_"&표1[[#This Row],[자재명]]&"_"&표1[[#This Row],[공급업체명]] -> _dh-237_대현화학 | X13: 물(WATER) | AB13: 30 | AC13: 주성분 | AD13: X | AE13: O | AF13: O | AH13: 7732-18-5 | AI13: =IFERROR(표1[[#This Row],[사용량(kg)]]*표1[[#This Row],[함량(W%)]]/100,"") -> 60 | AR13: =IFERROR(IF(표1[[#This Row],[함량(W%)]]>=VLOOKUP(표1[[#This Row],[CAS No.]],[1]규제DB_유해법_유독물!B:F,5,FALSE),"유독물질 제품",""),"") | AS13: =IFERROR(VLOOKUP(표1[[#This Row],[CAS No.]],[1]규제DB_유해법_금지물질!B:G,3,FALSE),"") | AT13: =IFERROR(VLOOKUP(표1[[#This Row],[CAS No.]],[1]규제DB_유해법_금지물질!B:G,4,FALSE)&" 인지 확인하세요","") | AU13: =IFERROR(VLOOKUP(표1[[#This Row],[CAS No.]],[1]규제DB_유해법_제한물질!B:G,3,FALSE),"") | AV13: =IFERROR(IF(표1[[#This Row],[함량(W%)]]>=VLOOKUP(표1[[#This Row],[CAS No.]],[1]규제DB_유해법_제한물질!$B:$G,5,FALSE),"제한 제품",""),"") | BA13: =IFERROR(IF(표1[[#This Row],[함량(W%)]]>=VLOOKUP(표1[[#This Row],[CAS No.]],[1]규제DB_유해법_사고대비물질!$B:$J,4,FALSE),VLOOKUP(표1[[#This Row],[CAS No.]],[1]규제DB_유해법_사고대비물질!$B$2:$J$70,7,FALSE),""),"") | BB13: =IFERROR(IF(표1[[#This Row],[함량(W%)]]>=VLOOKUP(표1[[#This Row],[CAS No.]],[1]규제DB_유해법_사고대비물질!$B:$J,4,FALSE),VLOOKUP(표1[[#This Row],[CAS No.]],[1]규제DB_유해법_사고대비물질!$B$2:$J$70,8,FALSE),""),"") | BC13: =IFERROR(IF(표1[[#This Row],[함량(W%)]]>=VLOOKUP(표1[[#This Row],[CAS No.]],[1]규제DB_유해법_사고대비물질!$B:$J,4,FALSE),VLOOKUP(표1[[#This Row],[CAS No.]],[1]규제DB_유해법_사고대비물질!$B$2:$J$70,9,FALSE),""),"") | BD13: =IFERROR(IF(표1[[#This Row],[함량(W%)]]>=VLOOKUP(표1[[#This Row],[CAS No.]],'[1]규제DB_유해법_배출량조사 I'!$B:$D,3,FALSE),IF(VLOOKUP(표1[[#This Row],[CAS No.]],[1]기초자료!$A:$C,3,FALSE)>=1000,"배출량조사 I 물질",""),""),"") | BF13: =IFERROR(IF(표1[[#This Row],[함량(W%)]]>=VLOOKUP(표1[[#This Row],[CAS No.]],[1]규제DB_산안법_금지물질!$B:$E,4,FALSE), VLOOKUP(표1[[#This Row],[CAS No.]],[1]규제DB_산안법_금지물질!$B:$E,2,FALSE)&" : "&VLOOKUP(표1[[#This Row],[CAS No.]],[1]규제DB_산안법_금지물질!$B:$E,3,FALSE)&" 인지 확인하세요",""),"") | BG13: =IFERROR(IF(표1[[#This Row],[함량(W%)]]>=VLOOKUP(표1[[#This Row],[CAS No.]],[1]규제DB_산안법_허가물질!$B:$E,4,FALSE), "제품 허가물질",""),"") | BH13: =IFERROR(IF(표1[[#This Row],[함량(W%)]]>=VLOOKUP(표1[[#This Row],[CAS No.]], [1]규제DB_산안법_특별관리물질!$B:$E,4,FALSE), "제품 특별관리물질",""),"") | BJ13: =IFERROR(IF(표1[[#This Row],[CAS No.]]=VLOOKUP(표1[[#This Row],[CAS No.]], [1]규제DB_산안법_허용기준이하물질!$B:$D,1,FALSE),"제품 허용기준이하물질",""),"") | BK13: =IFERROR(VLOOKUP(표1[[#This Row],[CAS No.]], [1]규제DB_산안법_허용기준이하물질!$B:$D,3,FALSE),"") | BQ13: =IFERROR(VLOOKUP(표1[[#This Row],[CAS No.]], [1]규제DB_산안법_노출기준설정물질!$B:$K,8,FALSE),"") | BR13: =IFERROR(VLOOKUP(표1[[#This Row],[CAS No.]], [1]규제DB_산안법_노출기준설정물질!$B:$K,9,FALSE),"") | BS13: =IFERROR(VLOOKUP(표1[[#This Row],[CAS No.]], [1]규제DB_산안법_노출기준설정물질!$B:$K,10,FALSE),"") | BV13: =IFERROR(IF(VLOOKUP(표1[[#This Row],[CAS No.]],[1]규제DB_고용노동부고시_CMR!$B:$J,3,FALSE)="구분1A", IF(표1[[#This Row],[함량(W%)]]>=VLOOKUP(표1[[#This Row],[CAS No.]],[1]규제DB_고용노동부고시_CMR!$B:$J,4,FALSE),"제품 발암성물질",""), IF(VLOOKUP(표1[[#This Row],[CAS No.]],[1]규제DB_고용노동부고시_CMR!$B:$J,3,FALSE)="구분1B", IF(표1[[#This Row],[함량(W%)]]>=VLOOKUP(표1[[#This Row],[CAS No.]],[1]규제DB_고용노동부고시_CMR!$B:$J,4,FALSE),"제품 발암성물질",""), IF(VLOOKUP(표1[[#This Row],[CAS No.]],[1]규제DB_고용노동부고시_CMR!$B:$J,3,FALSE)="구분2", IF(표1[[#This Row],[함량(W%)]]>=VLOOKUP(표1[[#This Row],[CAS No.]],[1]규제DB_고용노동부고시_CMR!$B:$J,4,FALSE),"제품 발암성물질",""),""))),"") | BW13: =IFERROR(IF(VLOOKUP(표1[[#This Row],[CAS No.]],[1]규제DB_고용노동부고시_CMR!$B:$J,5,FALSE)="구분1A", IF(표1[[#This Row],[함량(W%)]]>=VLOOKUP(표1[[#This Row],[CAS No.]],[1]규제DB_고용노동부고시_CMR!$B:$J,6,FALSE),"제품 생식세포변이원성물질",""), IF(VLOOKUP(표1[[#This Row],[CAS No.]],[1]규제DB_고용노동부고시_CMR!$B:$J,5,FALSE)="구분1B", IF(표1[[#This Row],[함량(W%)]]>=VLOOKUP(표1[[#This Row],[CAS No.]],[1]규제DB_고용노동부고시_CMR!$B:$J,6,FALSE),"제품 생식세포변이원성물질",""), IF(VLOOKUP(표1[[#This Row],[CAS No.]],[1]규제DB_고용노동부고시_CMR!$B:$J,5,FALSE)="구분2", IF(표1[[#This Row],[함량(W%)]]>=VLOOKUP(표1[[#This Row],[CAS No.]],[1]규제DB_고용노동부고시_CMR!$B:$J,6,FALSE),"제품 생식세포변이원성물질",""),""))),"") | BZ13: =IFERROR(IF(표1[[#This Row],[CAS No.]]=VLOOKUP(표1[[#This Row],[CAS No.]],[1]규제DB_고압법_독성가스!$B:$D,1,FALSE),"독성가스",""),"") | CA13: =IFERROR(IF(표1[[#This Row],[CAS No.]]=VLOOKUP(표1[[#This Row],[CAS No.]],[1]규제DB_고압법_가연성가스!$B:$D,1,FALSE),"가연성가스",""),"") | CB13: =IFERROR(IF(표1[[#This Row],[CAS No.]]=VLOOKUP(표1[[#This Row],[CAS No.]],[1]규제DB_고압법_특수고압가스!$B:$D,1,FALSE),"특수고압가스",""),"") | CC13: =IFERROR(IF(표1[[#This Row],[CAS No.]]=VLOOKUP(표1[[#This Row],[CAS No.]],[1]규제DB_고압법_특정고압가스!$B:$D,1,FALSE),"특정고압가스",""),"") | CD13: =IFERROR(IF(표1[[#This Row],[함량(W%)]]>=VLOOKUP(표1[[#This Row],[CAS No.]],[1]규제DB_화관법_개별취급기준!$B:$G,5,FALSE),VLOOKUP(표1[[#This Row],[CAS No.]],[1]규제DB_화관법_개별취급기준!$B:$G,6,FALSE),""),"")
A14: 13 | C14: 삼화당피앤티 | E14: dh-237 | F14: 내자 | G14: O | H14: 접착 | I14: 접착 | J14: 대현화학 | K14: 대현화학 | M14: 원부자재 | N14: 접착 장비용 접착제 | O14: 혼합물 | P14: 고체 | Q14: 200 | R14: 200 | U14: 200 | V14: 200 | W14: =표1[[#This Row],[자재코드]]&"_"&표1[[#This Row],[자재명]]&"_"&표1[[#This Row],[공급업체명]] -> _dh-237_대현화학 | X14: 로신, 폴리머 위드 페놀(ROSIN, POLYMER WITH PHENOL) | AB14: 10 | AC14: 주성분 | AD14: X | AE14: O | AF14: O | AH14: 68083-03-4 | AI14: =IFERROR(표1[[#This Row],[사용량(kg)]]*표1[[#This Row],[함량(W%)]]/100,"") -> 20 | AR14: =IFERROR(IF(표1[[#This Row],[함량(W%)]]>=VLOOKUP(표1[[#This Row],[CAS No.]],[1]규제DB_유해법_유독물!B:F,5,FALSE),"유독물질 제품",""),"") | AS14: =IFERROR(VLOOKUP(표1[[#This Row],[CAS No.]],[1]규제DB_유해법_금지물질!B:G,3,FALSE),"") | AT14: =IFERROR(VLOOKUP(표1[[#This Row],[CAS No.]],[1]규제DB_유해법_금지물질!B:G,4,FALSE)&" 인지 확인하세요","") | AU14: =IFERROR(VLOOKUP(표1[[#This Row],[CAS No.]],[1]규제DB_유해법_제한물질!B:G,3,FALSE),"") | AV14: =IFERROR(IF(표1[[#This Row],[함량(W%)]]>=VLOOKUP(표1[[#This Row],[CAS No.]],[1]규제DB_유해법_제한물질!$B:$G,5,FALSE),"제한 제품",""),"") | BA14: =IFERROR(IF(표1[[#This Row],[함량(W%)]]>=VLOOKUP(표1[[#This Row],[CAS No.]],[1]규제DB_유해법_사고대비물질!$B:$J,4,FALSE),VLOOKUP(표1[[#This Row],[CAS No.]],[1]규제DB_유해법_사고대비물질!$B$2:$J$70,7,FALSE),""),"") | BB14: =IFERROR(IF(표1[[#This Row],[함량(W%)]]>=VLOOKUP(표1[[#This Row],[CAS No.]],[1]규제DB_유해법_사고대비물질!$B:$J,4,FALSE),VLOOKUP(표1[[#This Row],[CAS No.]],[1]규제DB_유해법_사고대비물질!$B$2:$J$70,8,FALSE),""),"") | BC14: =IFERROR(IF(표1[[#This Row],[함량(W%)]]>=VLOOKUP(표1[[#This Row],[CAS No.]],[1]규제DB_유해법_사고대비물질!$B:$J,4,FALSE),VLOOKUP(표1[[#This Row],[CAS No.]],[1]규제DB_유해법_사고대비물질!$B$2:$J$70,9,FALSE),""),"") | BD14: =IFERROR(IF(표1[[#This Row],[함량(W%)]]>=VLOOKUP(표1[[#This Row],[CAS No.]],'[1]규제DB_유해법_배출량조사 I'!$B:$D,3,FALSE),IF(VLOOKUP(표1[[#This Row],[CAS No.]],[1]기초자료!$A:$C,3,FALSE)>=1000,"배출량조사 I 물질",""),""),"") | BF14: =IFERROR(IF(표1[[#This Row],[함량(W%)]]>=VLOOKUP(표1[[#This Row],[CAS No.]],[1]규제DB_산안법_금지물질!$B:$E,4,FALSE), VLOOKUP(표1[[#This Row],[CAS No.]],[1]규제DB_산안법_금지물질!$B:$E,2,FALSE)&" : "&VLOOKUP(표1[[#This Row],[CAS No.]],[1]규제DB_산안법_금지물질!$B:$E,3,FALSE)&" 인지 확인하세요",""),"") | BG14: =IFERROR(IF(표1[[#This Row],[함량(W%)]]>=VLOOKUP(표1[[#This Row],[CAS No.]],[1]규제DB_산안법_허가물질!$B:$E,4,FALSE), "제품 허가물질",""),"") | BH14: =IFERROR(IF(표1[[#This Row],[함량(W%)]]>=VLOOKUP(표1[[#This Row],[CAS No.]], [1]규제DB_산안법_특별관리물질!$B:$E,4,FALSE), "제품 특별관리물질",""),"") | BJ14: =IFERROR(IF(표1[[#This Row],[CAS No.]]=VLOOKUP(표1[[#This Row],[CAS No.]], [1]규제DB_산안법_허용기준이하물질!$B:$D,1,FALSE),"제품 허용기준이하물질",""),"") | BK14: =IFERROR(VLOOKUP(표1[[#This Row],[CAS No.]], [1]규제DB_산안법_허용기준이하물질!$B:$D,3,FALSE),"") | BQ14: =IFERROR(VLOOKUP(표1[[#This Row],[CAS No.]], [1]규제DB_산안법_노출기준설정물질!$B:$K,8,FALSE),"") | BR14: =IFERROR(VLOOKUP(표1[[#This Row],[CAS No.]], [1]규제DB_산안법_노출기준설정물질!$B:$K,9,FALSE),"") | BS14: =IFERROR(VLOOKUP(표1[[#This Row],[CAS No.]], [1]규제DB_산안법_노출기준설정물질!$B:$K,10,FALSE),"") | BV14: =IFERROR(IF(VLOOKUP(표1[[#This Row],[CAS No.]],[1]규제DB_고용노동부고시_CMR!$B:$J,3,FALSE)="구분1A", IF(표1[[#This Row],[함량(W%)]]>=VLOOKUP(표1[[#This Row],[CAS No.]],[1]규제DB_고용노동부고시_CMR!$B:$J,4,FALSE),"제품 발암성물질",""), IF(VLOOKUP(표1[[#This Row],[CAS No.]],[1]규제DB_고용노동부고시_CMR!$B:$J,3,FALSE)="구분1B", IF(표1[[#This Row],[함량(W%)]]>=VLOOKUP(표1[[#This Row],[CAS No.]],[1]규제DB_고용노동부고시_CMR!$B:$J,4,FALSE),"제품 발암성물질",""), IF(VLOOKUP(표1[[#This Row],[CAS No.]],[1]규제DB_고용노동부고시_CMR!$B:$J,3,FALSE)="구분2", IF(표1[[#This Row],[함량(W%)]]>=VLOOKUP(표1[[#This Row],[CAS No.]],[1]규제DB_고용노동부고시_CMR!$B:$J,4,FALSE),"제품 발암성물질",""),""))),"") | BW14: =IFERROR(IF(VLOOKUP(표1[[#This Row],[CAS No.]],[1]규제DB_고용노동부고시_CMR!$B:$J,5,FALSE)="구분1A", IF(표1[[#This Row],[함량(W%)]]>=VLOOKUP(표1[[#This Row],[CAS No.]],[1]규제DB_고용노동부고시_CMR!$B:$J,6,FALSE),"제품 생식세포변이원성물질",""), IF(VLOOKUP(표1[[#This Row],[CAS No.]],[1]규제DB_고용노동부고시_CMR!$B:$J,5,FALSE)="구분1B", IF(표1[[#This Row],[함량(W%)]]>=VLOOKUP(표1[[#This Row],[CAS No.]],[1]규제DB_고용노동부고시_CMR!$B:$J,6,FALSE),"제품 생식세포변이원성물질",""), IF(VLOOKUP(표1[[#This Row],[CAS No.]],[1]규제DB_고용노동부고시_CMR!$B:$J,5,FALSE)="구분2", IF(표1[[#This Row],[함량(W%)]]>=VLOOKUP(표1[[#This Row],[CAS No.]],[1]규제DB_고용노동부고시_CMR!$B:$J,6,FALSE),"제품 생식세포변이원성물질",""),""))),"") | BZ14: =IFERROR(IF(표1[[#This Row],[CAS No.]]=VLOOKUP(표1[[#This Row],[CAS No.]],[1]규제DB_고압법_독성가스!$B:$D,1,FALSE),"독성가스",""),"") | CA14: =IFERROR(IF(표1[[#This Row],[CAS No.]]=VLOOKUP(표1[[#This Row],[CAS No.]],[1]규제DB_고압법_가연성가스!$B:$D,1,FALSE),"가연성가스",""),"") | CB14: =IFERROR(IF(표1[[#This Row],[CAS No.]]=VLOOKUP(표1[[#This Row],[CAS No.]],[1]규제DB_고압법_특수고압가스!$B:$D,1,FALSE),"특수고압가스",""),"") | CC14: =IFERROR(IF(표1[[#This Row],[CAS No.]]=VLOOKUP(표1[[#This Row],[CAS No.]],[1]규제DB_고압법_특정고압가스!$B:$D,1,FALSE),"특정고압가스",""),"") | CD14: =IFERROR(IF(표1[[#This Row],[함량(W%)]]>=VLOOKUP(표1[[#This Row],[CAS No.]],[1]규제DB_화관법_개별취급기준!$B:$G,5,FALSE),VLOOKUP(표1[[#This Row],[CAS No.]],[1]규제DB_화관법_개별취급기준!$B:$G,6,FALSE),""),"")
A15: 14 | C15: 삼화당피앤티 | E15: dh-237 | F15: 내자 | G15: O | H15: 접착 | I15: 접착 | J15: 대현화학 | K15: 대현화학 | M15: 원부자재 | N15: 접착 장비용 접착제 | O15: 혼합물 | P15: 고체 | Q15: 200 | R15: 200 | U15: 200 | V15: 200 | W15: =표1[[#This Row],[자재코드]]&"_"&표1[[#This Row],[자재명]]&"_"&표1[[#This Row],[공급업체명]] -> _dh-237_대현화학 | X15: 석유탄화수소 수지(PETROLEUM HYDROCARBON RESIN) | AB15: 10 | AC15: 주성분 | AD15: X | AE15: O | AF15: O | AH15: 64742-16-1 | AI15: =IFERROR(표1[[#This Row],[사용량(kg)]]*표1[[#This Row],[함량(W%)]]/100,"") -> 20 | AR15: =IFERROR(IF(표1[[#This Row],[함량(W%)]]>=VLOOKUP(표1[[#This Row],[CAS No.]],[1]규제DB_유해법_유독물!B:F,5,FALSE),"유독물질 제품",""),"") | AS15: =IFERROR(VLOOKUP(표1[[#This Row],[CAS No.]],[1]규제DB_유해법_금지물질!B:G,3,FALSE),"") | AT15: =IFERROR(VLOOKUP(표1[[#This Row],[CAS No.]],[1]규제DB_유해법_금지물질!B:G,4,FALSE)&" 인지 확인하세요","") | AU15: =IFERROR(VLOOKUP(표1[[#This Row],[CAS No.]],[1]규제DB_유해법_제한물질!B:G,3,FALSE),"") | AV15: =IFERROR(IF(표1[[#This Row],[함량(W%)]]>=VLOOKUP(표1[[#This Row],[CAS No.]],[1]규제DB_유해법_제한물질!$B:$G,5,FALSE),"제한 제품",""),"") | BA15: =IFERROR(IF(표1[[#This Row],[함량(W%)]]>=VLOOKUP(표1[[#This Row],[CAS No.]],[1]규제DB_유해법_사고대비물질!$B:$J,4,FALSE),VLOOKUP(표1[[#This Row],[CAS No.]],[1]규제DB_유해법_사고대비물질!$B$2:$J$70,7,FALSE),""),"") | BB15: =IFERROR(IF(표1[[#This Row],[함량(W%)]]>=VLOOKUP(표1[[#This Row],[CAS No.]],[1]규제DB_유해법_사고대비물질!$B:$J,4,FALSE),VLOOKUP(표1[[#This Row],[CAS No.]],[1]규제DB_유해법_사고대비물질!$B$2:$J$70,8,FALSE),""),"") | BC15: =IFERROR(IF(표1[[#This Row],[함량(W%)]]>=VLOOKUP(표1[[#This Row],[CAS No.]],[1]규제DB_유해법_사고대비물질!$B:$J,4,FALSE),VLOOKUP(표1[[#This Row],[CAS No.]],[1]규제DB_유해법_사고대비물질!$B$2:$J$70,9,FALSE),""),"") | BD15: =IFERROR(IF(표1[[#This Row],[함량(W%)]]>=VLOOKUP(표1[[#This Row],[CAS No.]],'[1]규제DB_유해법_배출량조사 I'!$B:$D,3,FALSE),IF(VLOOKUP(표1[[#This Row],[CAS No.]],[1]기초자료!$A:$C,3,FALSE)>=1000,"배출량조사 I 물질",""),""),"") | BF15: =IFERROR(IF(표1[[#This Row],[함량(W%)]]>=VLOOKUP(표1[[#This Row],[CAS No.]],[1]규제DB_산안법_금지물질!$B:$E,4,FALSE), VLOOKUP(표1[[#This Row],[CAS No.]],[1]규제DB_산안법_금지물질!$B:$E,2,FALSE)&" : "&VLOOKUP(표1[[#This Row],[CAS No.]],[1]규제DB_산안법_금지물질!$B:$E,3,FALSE)&" 인지 확인하세요",""),"") | BG15: =IFERROR(IF(표1[[#This Row],[함량(W%)]]>=VLOOKUP(표1[[#This Row],[CAS No.]],[1]규제DB_산안법_허가물질!$B:$E,4,FALSE), "제품 허가물질",""),"") | BH15: =IFERROR(IF(표1[[#This Row],[함량(W%)]]>=VLOOKUP(표1[[#This Row],[CAS No.]], [1]규제DB_산안법_특별관리물질!$B:$E,4,FALSE), "제품 특별관리물질",""),"") | BJ15: =IFERROR(IF(표1[[#This Row],[CAS No.]]=VLOOKUP(표1[[#This Row],[CAS No.]], [1]규제DB_산안법_허용기준이하물질!$B:$D,1,FALSE),"제품 허용기준이하물질",""),"") | BK15: =IFERROR(VLOOKUP(표1[[#This Row],[CAS No.]], [1]규제DB_산안법_허용기준이하물질!$B:$D,3,FALSE),"") | BQ15: =IFERROR(VLOOKUP(표1[[#This Row],[CAS No.]], [1]규제DB_산안법_노출기준설정물질!$B:$K,8,FALSE),"") | BR15: =IFERROR(VLOOKUP(표1[[#This Row],[CAS No.]], [1]규제DB_산안법_노출기준설정물질!$B:$K,9,FALSE),"") | BS15: =IFERROR(VLOOKUP(표1[[#This Row],[CAS No.]], [1]규제DB_산안법_노출기준설정물질!$B:$K,10,FALSE),"") | BV15: =IFERROR(IF(VLOOKUP(표1[[#This Row],[CAS No.]],[1]규제DB_고용노동부고시_CMR!$B:$J,3,FALSE)="구분1A", IF(표1[[#This Row],[함량(W%)]]>=VLOOKUP(표1[[#This Row],[CAS No.]],[1]규제DB_고용노동부고시_CMR!$B:$J,4,FALSE),"제품 발암성물질",""), IF(VLOOKUP(표1[[#This Row],[CAS No.]],[1]규제DB_고용노동부고시_CMR!$B:$J,3,FALSE)="구분1B", IF(표1[[#This Row],[함량(W%)]]>=VLOOKUP(표1[[#This Row],[CAS No.]],[1]규제DB_고용노동부고시_CMR!$B:$J,4,FALSE),"제품 발암성물질",""), IF(VLOOKUP(표1[[#This Row],[CAS No.]],[1]규제DB_고용노동부고시_CMR!$B:$J,3,FALSE)="구분2", IF(표1[[#This Row],[함량(W%)]]>=VLOOKUP(표1[[#This Row],[CAS No.]],[1]규제DB_고용노동부고시_CMR!$B:$J,4,FALSE),"제품 발암성물질",""),""))),"") | BW15: =IFERROR(IF(VLOOKUP(표1[[#This Row],[CAS No.]],[1]규제DB_고용노동부고시_CMR!$B:$J,5,FALSE)="구분1A", IF(표1[[#This Row],[함량(W%)]]>=VLOOKUP(표1[[#This Row],[CAS No.]],[1]규제DB_고용노동부고시_CMR!$B:$J,6,FALSE),"제품 생식세포변이원성물질",""), IF(VLOOKUP(표1[[#This Row],[CAS No.]],[1]규제DB_고용노동부고시_CMR!$B:$J,5,FALSE)="구분1B", IF(표1[[#This Row],[함량(W%)]]>=VLOOKUP(표1[[#This Row],[CAS No.]],[1]규제DB_고용노동부고시_CMR!$B:$J,6,FALSE),"제품 생식세포변이원성물질",""), IF(VLOOKUP(표1[[#This Row],[CAS No.]],[1]규제DB_고용노동부고시_CMR!$B:$J,5,FALSE)="구분2", IF(표1[[#This Row],[함량(W%)]]>=VLOOKUP(표1[[#This Row],[CAS No.]],[1]규제DB_고용노동부고시_CMR!$B:$J,6,FALSE),"제품 생식세포변이원성물질",""),""))),"") | BZ15: =IFERROR(IF(표1[[#This Row],[CAS No.]]=VLOOKUP(표1[[#This Row],[CAS No.]],[1]규제DB_고압법_독성가스!$B:$D,1,FALSE),"독성가스",""),"") | CA15: =IFERROR(IF(표1[[#This Row],[CAS No.]]=VLOOKUP(표1[[#This Row],[CAS No.]],[1]규제DB_고압법_가연성가스!$B:$D,1,FALSE),"가연성가스",""),"") | CB15: =IFERROR(IF(표1[[#This Row],[CAS No.]]=VLOOKUP(표1[[#This Row],[CAS No.]],[1]규제DB_고압법_특수고압가스!$B:$D,1,FALSE),"특수고압가스",""),"") | CC15: =IFERROR(IF(표1[[#This Row],[CAS No.]]=VLOOKUP(표1[[#This Row],[CAS No.]],[1]규제DB_고압법_특정고압가스!$B:$D,1,FALSE),"특정고압가스",""),"") | CD15: =IFERROR(IF(표1[[#This Row],[함량(W%)]]>=VLOOKUP(표1[[#This Row],[CAS No.]],[1]규제DB_화관법_개별취급기준!$B:$G,5,FALSE),VLOOKUP(표1[[#This Row],[CAS No.]],[1]규제DB_화관법_개별취급기준!$B:$G,6,FALSE),""),"")
A16: 15 | C16: 삼화당피앤티 | E16: dh-237 | F16: 내자 | G16: O | H16: 접착 | I16: 접착 | J16: 대현화학 | K16: 대현화학 | M16: 원부자재 | N16: 접착 장비용 접착제 | O16: 혼합물 | P16: 고체 | Q16: 200 | R16: 200 | U16: 200 | V16: 200 | W16: =표1[[#This Row],[자재코드]]&"_"&표1[[#This Row],[자재명]]&"_"&표1[[#This Row],[공급업체명]] -> _dh-237_대현화학 | X16: 에틸렌-비닐 아세트산 공중합체(ETHYLENE-VINYL ACETATE COPOLYMER) | AB16: 30 | AC16: 주성분 | AD16: X | AE16: O | AF16: O | AH16: 24937-78-8 | AI16: =IFERROR(표1[[#This Row],[사용량(kg)]]*표1[[#This Row],[함량(W%)]]/100,"") -> 60 | AR16: =IFERROR(IF(표1[[#This Row],[함량(W%)]]>=VLOOKUP(표1[[#This Row],[CAS No.]],[1]규제DB_유해법_유독물!B:F,5,FALSE),"유독물질 제품",""),"") | AS16: =IFERROR(VLOOKUP(표1[[#This Row],[CAS No.]],[1]규제DB_유해법_금지물질!B:G,3,FALSE),"") | AT16: =IFERROR(VLOOKUP(표1[[#This Row],[CAS No.]],[1]규제DB_유해법_금지물질!B:G,4,FALSE)&" 인지 확인하세요","") | AU16: =IFERROR(VLOOKUP(표1[[#This Row],[CAS No.]],[1]규제DB_유해법_제한물질!B:G,3,FALSE),"") | AV16: =IFERROR(IF(표1[[#This Row],[함량(W%)]]>=VLOOKUP(표1[[#This Row],[CAS No.]],[1]규제DB_유해법_제한물질!$B:$G,5,FALSE),"제한 제품",""),"") | BA16: =IFERROR(IF(표1[[#This Row],[함량(W%)]]>=VLOOKUP(표1[[#This Row],[CAS No.]],[1]규제DB_유해법_사고대비물질!$B:$J,4,FALSE),VLOOKUP(표1[[#This Row],[CAS No.]],[1]규제DB_유해법_사고대비물질!$B$2:$J$70,7,FALSE),""),"") | BB16: =IFERROR(IF(표1[[#This Row],[함량(W%)]]>=VLOOKUP(표1[[#This Row],[CAS No.]],[1]규제DB_유해법_사고대비물질!$B:$J,4,FALSE),VLOOKUP(표1[[#This Row],[CAS No.]],[1]규제DB_유해법_사고대비물질!$B$2:$J$70,8,FALSE),""),"") | BC16: =IFERROR(IF(표1[[#This Row],[함량(W%)]]>=VLOOKUP(표1[[#This Row],[CAS No.]],[1]규제DB_유해법_사고대비물질!$B:$J,4,FALSE),VLOOKUP(표1[[#This Row],[CAS No.]],[1]규제DB_유해법_사고대비물질!$B$2:$J$70,9,FALSE),""),"") | BD16: =IFERROR(IF(표1[[#This Row],[함량(W%)]]>=VLOOKUP(표1[[#This Row],[CAS No.]],'[1]규제DB_유해법_배출량조사 I'!$B:$D,3,FALSE),IF(VLOOKUP(표1[[#This Row],[CAS No.]],[1]기초자료!$A:$C,3,FALSE)>=1000,"배출량조사 I 물질",""),""),"") | BF16: =IFERROR(IF(표1[[#This Row],[함량(W%)]]>=VLOOKUP(표1[[#This Row],[CAS No.]],[1]규제DB_산안법_금지물질!$B:$E,4,FALSE), VLOOKUP(표1[[#This Row],[CAS No.]],[1]규제DB_산안법_금지물질!$B:$E,2,FALSE)&" : "&VLOOKUP(표1[[#This Row],[CAS No.]],[1]규제DB_산안법_금지물질!$B:$E,3,FALSE)&" 인지 확인하세요",""),"") | BG16: =IFERROR(IF(표1[[#This Row],[함량(W%)]]>=VLOOKUP(표1[[#This Row],[CAS No.]],[1]규제DB_산안법_허가물질!$B:$E,4,FALSE), "제품 허가물질",""),"") | BH16: =IFERROR(IF(표1[[#This Row],[함량(W%)]]>=VLOOKUP(표1[[#This Row],[CAS No.]], [1]규제DB_산안법_특별관리물질!$B:$E,4,FALSE), "제품 특별관리물질",""),"") | BJ16: =IFERROR(IF(표1[[#This Row],[CAS No.]]=VLOOKUP(표1[[#This Row],[CAS No.]], [1]규제DB_산안법_허용기준이하물질!$B:$D,1,FALSE),"제품 허용기준이하물질",""),"") | BK16: =IFERROR(VLOOKUP(표1[[#This Row],[CAS No.]], [1]규제DB_산안법_허용기준이하물질!$B:$D,3,FALSE),"") | BQ16: =IFERROR(VLOOKUP(표1[[#This Row],[CAS No.]], [1]규제DB_산안법_노출기준설정물질!$B:$K,8,FALSE),"") | BR16: =IFERROR(VLOOKUP(표1[[#This Row],[CAS No.]], [1]규제DB_산안법_노출기준설정물질!$B:$K,9,FALSE),"") | BS16: =IFERROR(VLOOKUP(표1[[#This Row],[CAS No.]], [1]규제DB_산안법_노출기준설정물질!$B:$K,10,FALSE),"") | BV16: =IFERROR(IF(VLOOKUP(표1[[#This Row],[CAS No.]],[1]규제DB_고용노동부고시_CMR!$B:$J,3,FALSE)="구분1A", IF(표1[[#This Row],[함량(W%)]]>=VLOOKUP(표1[[#This Row],[CAS No.]],[1]규제DB_고용노동부고시_CMR!$B:$J,4,FALSE),"제품 발암성물질",""), IF(VLOOKUP(표1[[#This Row],[CAS No.]],[1]규제DB_고용노동부고시_CMR!$B:$J,3,FALSE)="구분1B", IF(표1[[#This Row],[함량(W%)]]>=VLOOKUP(표1[[#This Row],[CAS No.]],[1]규제DB_고용노동부고시_CMR!$B:$J,4,FALSE),"제품 발암성물질",""), IF(VLOOKUP(표1[[#This Row],[CAS No.]],[1]규제DB_고용노동부고시_CMR!$B:$J,3,FALSE)="구분2", IF(표1[[#This Row],[함량(W%)]]>=VLOOKUP(표1[[#This Row],[CAS No.]],[1]규제DB_고용노동부고시_CMR!$B:$J,4,FALSE),"제품 발암성물질",""),""))),"") | BW16: =IFERROR(IF(VLOOKUP(표1[[#This Row],[CAS No.]],[1]규제DB_고용노동부고시_CMR!$B:$J,5,FALSE)="구분1A", IF(표1[[#This Row],[함량(W%)]]>=VLOOKUP(표1[[#This Row],[CAS No.]],[1]규제DB_고용노동부고시_CMR!$B:$J,6,FALSE),"제품 생식세포변이원성물질",""), IF(VLOOKUP(표1[[#This Row],[CAS No.]],[1]규제DB_고용노동부고시_CMR!$B:$J,5,FALSE)="구분1B", IF(표1[[#This Row],[함량(W%)]]>=VLOOKUP(표1[[#This Row],[CAS No.]],[1]규제DB_고용노동부고시_CMR!$B:$J,6,FALSE),"제품 생식세포변이원성물질",""), IF(VLOOKUP(표1[[#This Row],[CAS No.]],[1]규제DB_고용노동부고시_CMR!$B:$J,5,FALSE)="구분2", IF(표1[[#This Row],[함량(W%)]]>=VLOOKUP(표1[[#This Row],[CAS No.]],[1]규제DB_고용노동부고시_CMR!$B:$J,6,FALSE),"제품 생식세포변이원성물질",""),""))),"") | BZ16: =IFERROR(IF(표1[[#This Row],[CAS No.]]=VLOOKUP(표1[[#This Row],[CAS No.]],[1]규제DB_고압법_독성가스!$B:$D,1,FALSE),"독성가스",""),"") | CA16: =IFERROR(IF(표1[[#This Row],[CAS No.]]=VLOOKUP(표1[[#This Row],[CAS No.]],[1]규제DB_고압법_가연성가스!$B:$D,1,FALSE),"가연성가스",""),"") | CB16: =IFERROR(IF(표1[[#This Row],[CAS No.]]=VLOOKUP(표1[[#This Row],[CAS No.]],[1]규제DB_고압법_특수고압가스!$B:$D,1,FALSE),"특수고압가스",""),"") | CC16: =IFERROR(IF(표1[[#This Row],[CAS No.]]=VLOOKUP(표1[[#This Row],[CAS No.]],[1]규제DB_고압법_특정고압가스!$B:$D,1,FALSE),"특정고압가스",""),"") | CD16: =IFERROR(IF(표1[[#This Row],[함량(W%)]]>=VLOOKUP(표1[[#This Row],[CAS No.]],[1]규제DB_화관법_개별취급기준!$B:$G,5,FALSE),VLOOKUP(표1[[#This Row],[CAS No.]],[1]규제DB_화관법_개별취급기준!$B:$G,6,FALSE),""),"")
A17: 16 | C17: 삼화당피앤티 | E17: dh-237 | F17: 내자 | G17: O | H17: 접착 | I17: 접착 | J17: 대현화학 | K17: 대현화학 | M17: 원부자재 | N17: 접착 장비용 접착제 | O17: 혼합물 | P17: 액체 | Q17: 200 | R17: 200 | U17: 200 | V17: 200 | W17: =표1[[#This Row],[자재코드]]&"_"&표1[[#This Row],[자재명]]&"_"&표1[[#This Row],[공급업체명]] -> _dh-237_대현화학 | X17: 톨루엔 | AB17: 10 | AC17: 주성분 | AD17: X | AE17: O | AF17: O | AH17: 108-88-3 | AI17: =IFERROR(표1[[#This Row],[사용량(kg)]]*표1[[#This Row],[함량(W%)]]/100,"") -> 20 | AR17: =IFERROR(IF(표1[[#This Row],[함량(W%)]]>=VLOOKUP(표1[[#This Row],[CAS No.]],[1]규제DB_유해법_유독물!B:F,5,FALSE),"유독물질 제품",""),"") | AS17: =IFERROR(VLOOKUP(표1[[#This Row],[CAS No.]],[1]규제DB_유해법_금지물질!B:G,3,FALSE),"") | AT17: =IFERROR(VLOOKUP(표1[[#This Row],[CAS No.]],[1]규제DB_유해법_금지물질!B:G,4,FALSE)&" 인지 확인하세요","") | AU17: =IFERROR(VLOOKUP(표1[[#This Row],[CAS No.]],[1]규제DB_유해법_제한물질!B:G,3,FALSE),"") | AV17: =IFERROR(IF(표1[[#This Row],[함량(W%)]]>=VLOOKUP(표1[[#This Row],[CAS No.]],[1]규제DB_유해법_제한물질!$B:$G,5,FALSE),"제한 제품",""),"") | BA17: =IFERROR(IF(표1[[#This Row],[함량(W%)]]>=VLOOKUP(표1[[#This Row],[CAS No.]],[1]규제DB_유해법_사고대비물질!$B:$J,4,FALSE),VLOOKUP(표1[[#This Row],[CAS No.]],[1]규제DB_유해법_사고대비물질!$B$2:$J$70,7,FALSE),""),"") | BB17: =IFERROR(IF(표1[[#This Row],[함량(W%)]]>=VLOOKUP(표1[[#This Row],[CAS No.]],[1]규제DB_유해법_사고대비물질!$B:$J,4,FALSE),VLOOKUP(표1[[#This Row],[CAS No.]],[1]규제DB_유해법_사고대비물질!$B$2:$J$70,8,FALSE),""),"") | BC17: =IFERROR(IF(표1[[#This Row],[함량(W%)]]>=VLOOKUP(표1[[#This Row],[CAS No.]],[1]규제DB_유해법_사고대비물질!$B:$J,4,FALSE),VLOOKUP(표1[[#This Row],[CAS No.]],[1]규제DB_유해법_사고대비물질!$B$2:$J$70,9,FALSE),""),"") | BD17: =IFERROR(IF(표1[[#This Row],[함량(W%)]]>=VLOOKUP(표1[[#This Row],[CAS No.]],'[1]규제DB_유해법_배출량조사 I'!$B:$D,3,FALSE),IF(VLOOKUP(표1[[#This Row],[CAS No.]],[1]기초자료!$A:$C,3,FALSE)>=1000,"배출량조사 I 물질",""),""),"") | BF17: =IFERROR(IF(표1[[#This Row],[함량(W%)]]>=VLOOKUP(표1[[#This Row],[CAS No.]],[1]규제DB_산안법_금지물질!$B:$E,4,FALSE), VLOOKUP(표1[[#This Row],[CAS No.]],[1]규제DB_산안법_금지물질!$B:$E,2,FALSE)&" : "&VLOOKUP(표1[[#This Row],[CAS No.]],[1]규제DB_산안법_금지물질!$B:$E,3,FALSE)&" 인지 확인하세요",""),"") | BG17: =IFERROR(IF(표1[[#This Row],[함량(W%)]]>=VLOOKUP(표1[[#This Row],[CAS No.]],[1]규제DB_산안법_허가물질!$B:$E,4,FALSE), "제품 허가물질",""),"") | BH17: =IFERROR(IF(표1[[#This Row],[함량(W%)]]>=VLOOKUP(표1[[#This Row],[CAS No.]], [1]규제DB_산안법_특별관리물질!$B:$E,4,FALSE), "제품 특별관리물질",""),"") | BJ17: =IFERROR(IF(표1[[#This Row],[CAS No.]]=VLOOKUP(표1[[#This Row],[CAS No.]], [1]규제DB_산안법_허용기준이하물질!$B:$D,1,FALSE),"제품 허용기준이하물질",""),"") | BK17: =IFERROR(VLOOKUP(표1[[#This Row],[CAS No.]], [1]규제DB_산안법_허용기준이하물질!$B:$D,3,FALSE),"") | BQ17: =IFERROR(VLOOKUP(표1[[#This Row],[CAS No.]], [1]규제DB_산안법_노출기준설정물질!$B:$K,8,FALSE),"") | BR17: =IFERROR(VLOOKUP(표1[[#This Row],[CAS No.]], [1]규제DB_산안법_노출기준설정물질!$B:$K,9,FALSE),"") | BS17: =IFERROR(VLOOKUP(표1[[#This Row],[CAS No.]], [1]규제DB_산안법_노출기준설정물질!$B:$K,10,FALSE),"") | BV17: =IFERROR(IF(VLOOKUP(표1[[#This Row],[CAS No.]],[1]규제DB_고용노동부고시_CMR!$B:$J,3,FALSE)="구분1A", IF(표1[[#This Row],[함량(W%)]]>=VLOOKUP(표1[[#This Row],[CAS No.]],[1]규제DB_고용노동부고시_CMR!$B:$J,4,FALSE),"제품 발암성물질",""), IF(VLOOKUP(표1[[#This Row],[CAS No.]],[1]규제DB_고용노동부고시_CMR!$B:$J,3,FALSE)="구분1B", IF(표1[[#This Row],[함량(W%)]]>=VLOOKUP(표1[[#This Row],[CAS No.]],[1]규제DB_고용노동부고시_CMR!$B:$J,4,FALSE),"제품 발암성물질",""), IF(VLOOKUP(표1[[#This Row],[CAS No.]],[1]규제DB_고용노동부고시_CMR!$B:$J,3,FALSE)="구분2", IF(표1[[#This Row],[함량(W%)]]>=VLOOKUP(표1[[#This Row],[CAS No.]],[1]규제DB_고용노동부고시_CMR!$B:$J,4,FALSE),"제품 발암성물질",""),""))),"") | BW17: =IFERROR(IF(VLOOKUP(표1[[#This Row],[CAS No.]],[1]규제DB_고용노동부고시_CMR!$B:$J,5,FALSE)="구분1A", IF(표1[[#This Row],[함량(W%)]]>=VLOOKUP(표1[[#This Row],[CAS No.]],[1]규제DB_고용노동부고시_CMR!$B:$J,6,FALSE),"제품 생식세포변이원성물질",""), IF(VLOOKUP(표1[[#This Row],[CAS No.]],[1]규제DB_고용노동부고시_CMR!$B:$J,5,FALSE)="구분1B", IF(표1[[#This Row],[함량(W%)]]>=VLOOKUP(표1[[#This Row],[CAS No.]],[1]규제DB_고용노동부고시_CMR!$B:$J,6,FALSE),"제품 생식세포변이원성물질",""), IF(VLOOKUP(표1[[#This Row],[CAS No.]],[1]규제DB_고용노동부고시_CMR!$B:$J,5,FALSE)="구분2", IF(표1[[#This Row],[함량(W%)]]>=VLOOKUP(표1[[#This Row],[CAS No.]],[1]규제DB_고용노동부고시_CMR!$B:$J,6,FALSE),"제품 생식세포변이원성물질",""),""))),"") | BZ17: =IFERROR(IF(표1[[#This Row],[CAS No.]]=VLOOKUP(표1[[#This Row],[CAS No.]],[1]규제DB_고압법_독성가스!$B:$D,1,FALSE),"독성가스",""),"") | CA17: =IFERROR(IF(표1[[#This Row],[CAS No.]]=VLOOKUP(표1[[#This Row],[CAS No.]],[1]규제DB_고압법_가연성가스!$B:$D,1,FALSE),"가연성가스",""),"") | CB17: =IFERROR(IF(표1[[#This Row],[CAS No.]]=VLOOKUP(표1[[#This Row],[CAS No.]],[1]규제DB_고압법_특수고압가스!$B:$D,1,FALSE),"특수고압가스",""),"") | CC17: =IFERROR(IF(표1[[#This Row],[CAS No.]]=VLOOKUP(표1[[#This Row],[CAS No.]],[1]규제DB_고압법_특정고압가스!$B:$D,1,FALSE),"특정고압가스",""),"") | CD17: =IFERROR(IF(표1[[#This Row],[함량(W%)]]>=VLOOKUP(표1[[#This Row],[CAS No.]],[1]규제DB_화관법_개별취급기준!$B:$G,5,FALSE),VLOOKUP(표1[[#This Row],[CAS No.]],[1]규제DB_화관법_개별취급기준!$B:$G,6,FALSE),""),"")
A18: 17 | C18: 삼화당피앤티 | E18: kaizen power plus plate cleaner | F18: 내자 | G18: O | H18: 윤전 | I18: 인쇄 | J18: 대우피앤씨 | K18: 대우피앤씨 | M18: 원부자재 | N18: 옵셋 윤전 인쇄용 | O18: 혼합물 | P18: 액체 | Q18: 2 | R18: 2 | U18: 2 | V18: 2 | W18: =표1[[#This Row],[자재코드]]&"_"&표1[[#This Row],[자재명]]&"_"&표1[[#This Row],[공급업체명]] -> _kaizen power plus plate cleaner_대우피앤씨 | X18: 솔벤트 나프타 (석유), 경질 방향족화합물(SOLVENT NAPHTHA (PETROLEUM), LIGHT AROMATIC) | AB18: 10 | AC18: 세척제 | AD18: X | AE18: O | AF18: O | AH18: 64742-95-6 | AI18: =IFERROR(표1[[#This Row],[사용량(kg)]]*표1[[#This Row],[함량(W%)]]/100,"") -> 0.2 | AR18: =IFERROR(IF(표1[[#This Row],[함량(W%)]]>=VLOOKUP(표1[[#This Row],[CAS No.]],[1]규제DB_유해법_유독물!B:F,5,FALSE),"유독물질 제품",""),"") | AS18: =IFERROR(VLOOKUP(표1[[#This Row],[CAS No.]],[1]규제DB_유해법_금지물질!B:G,3,FALSE),"") | AT18: =IFERROR(VLOOKUP(표1[[#This Row],[CAS No.]],[1]규제DB_유해법_금지물질!B:G,4,FALSE)&" 인지 확인하세요","") | AU18: =IFERROR(VLOOKUP(표1[[#This Row],[CAS No.]],[1]규제DB_유해법_제한물질!B:G,3,FALSE),"") | AV18: =IFERROR(IF(표1[[#This Row],[함량(W%)]]>=VLOOKUP(표1[[#This Row],[CAS No.]],[1]규제DB_유해법_제한물질!$B:$G,5,FALSE),"제한 제품",""),"") | BA18: =IFERROR(IF(표1[[#This Row],[함량(W%)]]>=VLOOKUP(표1[[#This Row],[CAS No.]],[1]규제DB_유해법_사고대비물질!$B:$J,4,FALSE),VLOOKUP(표1[[#This Row],[CAS No.]],[1]규제DB_유해법_사고대비물질!$B$2:$J$70,7,FALSE),""),"") | BB18: =IFERROR(IF(표1[[#This Row],[함량(W%)]]>=VLOOKUP(표1[[#This Row],[CAS No.]],[1]규제DB_유해법_사고대비물질!$B:$J,4,FALSE),VLOOKUP(표1[[#This Row],[CAS No.]],[1]규제DB_유해법_사고대비물질!$B$2:$J$70,8,FALSE),""),"") | BC18: =IFERROR(IF(표1[[#This Row],[함량(W%)]]>=VLOOKUP(표1[[#This Row],[CAS No.]],[1]규제DB_유해법_사고대비물질!$B:$J,4,FALSE),VLOOKUP(표1[[#This Row],[CAS No.]],[1]규제DB_유해법_사고대비물질!$B$2:$J$70,9,FALSE),""),"") | BD18: =IFERROR(IF(표1[[#This Row],[함량(W%)]]>=VLOOKUP(표1[[#This Row],[CAS No.]],'[1]규제DB_유해법_배출량조사 I'!$B:$D,3,FALSE),IF(VLOOKUP(표1[[#This Row],[CAS No.]],[1]기초자료!$A:$C,3,FALSE)>=1000,"배출량조사 I 물질",""),""),"") | BF18: =IFERROR(IF(표1[[#This Row],[함량(W%)]]>=VLOOKUP(표1[[#This Row],[CAS No.]],[1]규제DB_산안법_금지물질!$B:$E,4,FALSE), VLOOKUP(표1[[#This Row],[CAS No.]],[1]규제DB_산안법_금지물질!$B:$E,2,FALSE)&" : "&VLOOKUP(표1[[#This Row],[CAS No.]],[1]규제DB_산안법_금지물질!$B:$E,3,FALSE)&" 인지 확인하세요",""),"") | BG18: =IFERROR(IF(표1[[#This Row],[함량(W%)]]>=VLOOKUP(표1[[#This Row],[CAS No.]],[1]규제DB_산안법_허가물질!$B:$E,4,FALSE), "제품 허가물질",""),"") | BH18: =IFERROR(IF(표1[[#This Row],[함량(W%)]]>=VLOOKUP(표1[[#This Row],[CAS No.]], [1]규제DB_산안법_특별관리물질!$B:$E,4,FALSE), "제품 특별관리물질",""),"") | BJ18: =IFERROR(IF(표1[[#This Row],[CAS No.]]=VLOOKUP(표1[[#This Row],[CAS No.]], [1]규제DB_산안법_허용기준이하물질!$B:$D,1,FALSE),"제품 허용기준이하물질",""),"") | BK18: =IFERROR(VLOOKUP(표1[[#This Row],[CAS No.]], [1]규제DB_산안법_허용기준이하물질!$B:$D,3,FALSE),"") | BQ18: =IFERROR(VLOOKUP(표1[[#This Row],[CAS No.]], [1]규제DB_산안법_노출기준설정물질!$B:$K,8,FALSE),"") | BR18: =IFERROR(VLOOKUP(표1[[#This Row],[CAS No.]], [1]규제DB_산안법_노출기준설정물질!$B:$K,9,FALSE),"") | BS18: =IFERROR(VLOOKUP(표1[[#This Row],[CAS No.]], [1]규제DB_산안법_노출기준설정물질!$B:$K,10,FALSE),"") | BV18: =IFERROR(IF(VLOOKUP(표1[[#This Row],[CAS No.]],[1]규제DB_고용노동부고시_CMR!$B:$J,3,FALSE)="구분1A", IF(표1[[#This Row],[함량(W%)]]>=VLOOKUP(표1[[#This Row],[CAS No.]],[1]규제DB_고용노동부고시_CMR!$B:$J,4,FALSE),"제품 발암성물질",""), IF(VLOOKUP(표1[[#This Row],[CAS No.]],[1]규제DB_고용노동부고시_CMR!$B:$J,3,FALSE)="구분1B", IF(표1[[#This Row],[함량(W%)]]>=VLOOKUP(표1[[#This Row],[CAS No.]],[1]규제DB_고용노동부고시_CMR!$B:$J,4,FALSE),"제품 발암성물질",""), IF(VLOOKUP(표1[[#This Row],[CAS No.]],[1]규제DB_고용노동부고시_CMR!$B:$J,3,FALSE)="구분2", IF(표1[[#This Row],[함량(W%)]]>=VLOOKUP(표1[[#This Row],[CAS No.]],[1]규제DB_고용노동부고시_CMR!$B:$J,4,FALSE),"제품 발암성물질",""),""))),"") | BW18: =IFERROR(IF(VLOOKUP(표1[[#This Row],[CAS No.]],[1]규제DB_고용노동부고시_CMR!$B:$J,5,FALSE)="구분1A", IF(표1[[#This Row],[함량(W%)]]>=VLOOKUP(표1[[#This Row],[CAS No.]],[1]규제DB_고용노동부고시_CMR!$B:$J,6,FALSE),"제품 생식세포변이원성물질",""), IF(VLOOKUP(표1[[#This Row],[CAS No.]],[1]규제DB_고용노동부고시_CMR!$B:$J,5,FALSE)="구분1B", IF(표1[[#This Row],[함량(W%)]]>=VLOOKUP(표1[[#This Row],[CAS No.]],[1]규제DB_고용노동부고시_CMR!$B:$J,6,FALSE),"제품 생식세포변이원성물질",""), IF(VLOOKUP(표1[[#This Row],[CAS No.]],[1]규제DB_고용노동부고시_CMR!$B:$J,5,FALSE)="구분2", IF(표1[[#This Row],[함량(W%)]]>=VLOOKUP(표1[[#This Row],[CAS No.]],[1]규제DB_고용노동부고시_CMR!$B:$J,6,FALSE),"제품 생식세포변이원성물질",""),""))),"") | BZ18: =IFERROR(IF(표1[[#This Row],[CAS No.]]=VLOOKUP(표1[[#This Row],[CAS No.]],[1]규제DB_고압법_독성가스!$B:$D,1,FALSE),"독성가스",""),"") | CA18: =IFERROR(IF(표1[[#This Row],[CAS No.]]=VLOOKUP(표1[[#This Row],[CAS No.]],[1]규제DB_고압법_가연성가스!$B:$D,1,FALSE),"가연성가스",""),"") | CB18: =IFERROR(IF(표1[[#This Row],[CAS No.]]=VLOOKUP(표1[[#This Row],[CAS No.]],[1]규제DB_고압법_특수고압가스!$B:$D,1,FALSE),"특수고압가스",""),"") | CC18: =IFERROR(IF(표1[[#This Row],[CAS No.]]=VLOOKUP(표1[[#This Row],[CAS No.]],[1]규제DB_고압법_특정고압가스!$B:$D,1,FALSE),"특정고압가스",""),"") | CD18: =IFERROR(IF(표1[[#This Row],[함량(W%)]]>=VLOOKUP(표1[[#This Row],[CAS No.]],[1]규제DB_화관법_개별취급기준!$B:$G,5,FALSE),VLOOKUP(표1[[#This Row],[CAS No.]],[1]규제DB_화관법_개별취급기준!$B:$G,6,FALSE),""),"")
A19: 18 | C19: 삼화당피앤티 | E19: SPRAY POWDER FOR ANTI SET-OFF | F19: 내자 | G19: O | H19: 윤전 | I19: 인쇄 | J19: 삼신케미칼 | K19: 삼신케미칼 | M19: 원부자재 | N19: 옵셋 윤전 인쇄용 세척제 | O19: 혼합물 | P19: 고체 | Q19: 2 | R19: 2 | U19: 2 | V19: 2 | W19: =표1[[#This Row],[자재코드]]&"_"&표1[[#This Row],[자재명]]&"_"&표1[[#This Row],[공급업체명]] -> _SPRAY POWDER FOR ANTI SET-OFF_삼신케미칼 | X19: 전분 | AB19: 99 | AC19: 세척제 | AD19: X | AE19: O | AF19: O | AH19: 9005-25-8 | AI19: =IFERROR(표1[[#This Row],[사용량(kg)]]*표1[[#This Row],[함량(W%)]]/100,"") -> 1.98 | AR19: =IFERROR(IF(표1[[#This Row],[함량(W%)]]>=VLOOKUP(표1[[#This Row],[CAS No.]],[1]규제DB_유해법_유독물!B:F,5,FALSE),"유독물질 제품",""),"") | AS19: =IFERROR(VLOOKUP(표1[[#This Row],[CAS No.]],[1]규제DB_유해법_금지물질!B:G,3,FALSE),"") | AT19: =IFERROR(VLOOKUP(표1[[#This Row],[CAS No.]],[1]규제DB_유해법_금지물질!B:G,4,FALSE)&" 인지 확인하세요","") | AU19: =IFERROR(VLOOKUP(표1[[#This Row],[CAS No.]],[1]규제DB_유해법_제한물질!B:G,3,FALSE),"") | AV19: =IFERROR(IF(표1[[#This Row],[함량(W%)]]>=VLOOKUP(표1[[#This Row],[CAS No.]],[1]규제DB_유해법_제한물질!$B:$G,5,FALSE),"제한 제품",""),"") | BA19: =IFERROR(IF(표1[[#This Row],[함량(W%)]]>=VLOOKUP(표1[[#This Row],[CAS No.]],[1]규제DB_유해법_사고대비물질!$B:$J,4,FALSE),VLOOKUP(표1[[#This Row],[CAS No.]],[1]규제DB_유해법_사고대비물질!$B$2:$J$70,7,FALSE),""),"") | BB19: =IFERROR(IF(표1[[#This Row],[함량(W%)]]>=VLOOKUP(표1[[#This Row],[CAS No.]],[1]규제DB_유해법_사고대비물질!$B:$J,4,FALSE),VLOOKUP(표1[[#This Row],[CAS No.]],[1]규제DB_유해법_사고대비물질!$B$2:$J$70,8,FALSE),""),"") | BC19: =IFERROR(IF(표1[[#This Row],[함량(W%)]]>=VLOOKUP(표1[[#This Row],[CAS No.]],[1]규제DB_유해법_사고대비물질!$B:$J,4,FALSE),VLOOKUP(표1[[#This Row],[CAS No.]],[1]규제DB_유해법_사고대비물질!$B$2:$J$70,9,FALSE),""),"") | BD19: =IFERROR(IF(표1[[#This Row],[함량(W%)]]>=VLOOKUP(표1[[#This Row],[CAS No.]],'[1]규제DB_유해법_배출량조사 I'!$B:$D,3,FALSE),IF(VLOOKUP(표1[[#This Row],[CAS No.]],[1]기초자료!$A:$C,3,FALSE)>=1000,"배출량조사 I 물질",""),""),"") | BF19: =IFERROR(IF(표1[[#This Row],[함량(W%)]]>=VLOOKUP(표1[[#This Row],[CAS No.]],[1]규제DB_산안법_금지물질!$B:$E,4,FALSE), VLOOKUP(표1[[#This Row],[CAS No.]],[1]규제DB_산안법_금지물질!$B:$E,2,FALSE)&" : "&VLOOKUP(표1[[#This Row],[CAS No.]],[1]규제DB_산안법_금지물질!$B:$E,3,FALSE)&" 인지 확인하세요",""),"") | BG19: =IFERROR(IF(표1[[#This Row],[함량(W%)]]>=VLOOKUP(표1[[#This Row],[CAS No.]],[1]규제DB_산안법_허가물질!$B:$E,4,FALSE), "제품 허가물질",""),"") | BH19: =IFERROR(IF(표1[[#This Row],[함량(W%)]]>=VLOOKUP(표1[[#This Row],[CAS No.]], [1]규제DB_산안법_특별관리물질!$B:$E,4,FALSE), "제품 특별관리물질",""),"") | BJ19: =IFERROR(IF(표1[[#This Row],[CAS No.]]=VLOOKUP(표1[[#This Row],[CAS No.]], [1]규제DB_산안법_허용기준이하물질!$B:$D,1,FALSE),"제품 허용기준이하물질",""),"") | BK19: =IFERROR(VLOOKUP(표1[[#This Row],[CAS No.]], [1]규제DB_산안법_허용기준이하물질!$B:$D,3,FALSE),"") | BQ19: =IFERROR(VLOOKUP(표1[[#This Row],[CAS No.]], [1]규제DB_산안법_노출기준설정물질!$B:$K,8,FALSE),"") | BR19: =IFERROR(VLOOKUP(표1[[#This Row],[CAS No.]], [1]규제DB_산안법_노출기준설정물질!$B:$K,9,FALSE),"") | BS19: =IFERROR(VLOOKUP(표1[[#This Row],[CAS No.]], [1]규제DB_산안법_노출기준설정물질!$B:$K,10,FALSE),"") | BV19: =IFERROR(IF(VLOOKUP(표1[[#This Row],[CAS No.]],[1]규제DB_고용노동부고시_CMR!$B:$J,3,FALSE)="구분1A", IF(표1[[#This Row],[함량(W%)]]>=VLOOKUP(표1[[#This Row],[CAS No.]],[1]규제DB_고용노동부고시_CMR!$B:$J,4,FALSE),"제품 발암성물질",""), IF(VLOOKUP(표1[[#This Row],[CAS No.]],[1]규제DB_고용노동부고시_CMR!$B:$J,3,FALSE)="구분1B", IF(표1[[#This Row],[함량(W%)]]>=VLOOKUP(표1[[#This Row],[CAS No.]],[1]규제DB_고용노동부고시_CMR!$B:$J,4,FALSE),"제품 발암성물질",""), IF(VLOOKUP(표1[[#This Row],[CAS No.]],[1]규제DB_고용노동부고시_CMR!$B:$J,3,FALSE)="구분2", IF(표1[[#This Row],[함량(W%)]]>=VLOOKUP(표1[[#This Row],[CAS No.]],[1]규제DB_고용노동부고시_CMR!$B:$J,4,FALSE),"제품 발암성물질",""),""))),"") | BW19: =IFERROR(IF(VLOOKUP(표1[[#This Row],[CAS No.]],[1]규제DB_고용노동부고시_CMR!$B:$J,5,FALSE)="구분1A", IF(표1[[#This Row],[함량(W%)]]>=VLOOKUP(표1[[#This Row],[CAS No.]],[1]규제DB_고용노동부고시_CMR!$B:$J,6,FALSE),"제품 생식세포변이원성물질",""), IF(VLOOKUP(표1[[#This Row],[CAS No.]],[1]규제DB_고용노동부고시_CMR!$B:$J,5,FALSE)="구분1B", IF(표1[[#This Row],[함량(W%)]]>=VLOOKUP(표1[[#This Row],[CAS No.]],[1]규제DB_고용노동부고시_CMR!$B:$J,6,FALSE),"제품 생식세포변이원성물질",""), IF(VLOOKUP(표1[[#This Row],[CAS No.]],[1]규제DB_고용노동부고시_CMR!$B:$J,5,FALSE)="구분2", IF(표1[[#This Row],[함량(W%)]]>=VLOOKUP(표1[[#This Row],[CAS No.]],[1]규제DB_고용노동부고시_CMR!$B:$J,6,FALSE),"제품 생식세포변이원성물질",""),""))),"") | BZ19: =IFERROR(IF(표1[[#This Row],[CAS No.]]=VLOOKUP(표1[[#This Row],[CAS No.]],[1]규제DB_고압법_독성가스!$B:$D,1,FALSE),"독성가스",""),"") | CA19: =IFERROR(IF(표1[[#This Row],[CAS No.]]=VLOOKUP(표1[[#This Row],[CAS No.]],[1]규제DB_고압법_가연성가스!$B:$D,1,FALSE),"가연성가스",""),"") | CB19: =IFERROR(IF(표1[[#This Row],[CAS No.]]=VLOOKUP(표1[[#This Row],[CAS No.]],[1]규제DB_고압법_특수고압가스!$B:$D,1,FALSE),"특수고압가스",""),"") | CC19: =IFERROR(IF(표1[[#This Row],[CAS No.]]=VLOOKUP(표1[[#This Row],[CAS No.]],[1]규제DB_고압법_특정고압가스!$B:$D,1,FALSE),"특정고압가스",""),"") | CD19: =IFERROR(IF(표1[[#This Row],[함량(W%)]]>=VLOOKUP(표1[[#This Row],[CAS No.]],[1]규제DB_화관법_개별취급기준!$B:$G,5,FALSE),VLOOKUP(표1[[#This Row],[CAS No.]],[1]규제DB_화관법_개별취급기준!$B:$G,6,FALSE),""),"")
A20: 19 | C20: 삼화당피앤티 | E20: NEW BEST ONE SW-QS | F20: 내자 | G20: O | H20: 윤전 | I20: 인쇄 | J20: 한국특수잉크공업 | K20: 한국특수잉크공업 | M20: 원부자재 | N20: 옵셋 윤전 인쇄용 | O20: 혼합물 | P20: 고체 | Q20: 18 | R20: 18 | U20: 18 | V20: 18 | W20: =표1[[#This Row],[자재코드]]&"_"&표1[[#This Row],[자재명]]&"_"&표1[[#This Row],[공급업체명]] -> _NEW BEST ONE SW-QS_한국특수잉크공업 | X20: 카본블랙 | AB20: 4 | AC20: 첨가제 | AD20: X | AE20: O | AF20: O | AH20: 1333-86-4 | AI20: =IFERROR(표1[[#This Row],[사용량(kg)]]*표1[[#This Row],[함량(W%)]]/100,"") -> 0.72 | AR20: =IFERROR(IF(표1[[#This Row],[함량(W%)]]>=VLOOKUP(표1[[#This Row],[CAS No.]],[1]규제DB_유해법_유독물!B:F,5,FALSE),"유독물질 제품",""),"") | AS20: =IFERROR(VLOOKUP(표1[[#This Row],[CAS No.]],[1]규제DB_유해법_금지물질!B:G,3,FALSE),"") | AT20: =IFERROR(VLOOKUP(표1[[#This Row],[CAS No.]],[1]규제DB_유해법_금지물질!B:G,4,FALSE)&" 인지 확인하세요","") | AU20: =IFERROR(VLOOKUP(표1[[#This Row],[CAS No.]],[1]규제DB_유해법_제한물질!B:G,3,FALSE),"") | AV20: =IFERROR(IF(표1[[#This Row],[함량(W%)]]>=VLOOKUP(표1[[#This Row],[CAS No.]],[1]규제DB_유해법_제한물질!$B:$G,5,FALSE),"제한 제품",""),"") | BA20: =IFERROR(IF(표1[[#This Row],[함량(W%)]]>=VLOOKUP(표1[[#This Row],[CAS No.]],[1]규제DB_유해법_사고대비물질!$B:$J,4,FALSE),VLOOKUP(표1[[#This Row],[CAS No.]],[1]규제DB_유해법_사고대비물질!$B$2:$J$70,7,FALSE),""),"") | BB20: =IFERROR(IF(표1[[#This Row],[함량(W%)]]>=VLOOKUP(표1[[#This Row],[CAS No.]],[1]규제DB_유해법_사고대비물질!$B:$J,4,FALSE),VLOOKUP(표1[[#This Row],[CAS No.]],[1]규제DB_유해법_사고대비물질!$B$2:$J$70,8,FALSE),""),"") | BC20: =IFERROR(IF(표1[[#This Row],[함량(W%)]]>=VLOOKUP(표1[[#This Row],[CAS No.]],[1]규제DB_유해법_사고대비물질!$B:$J,4,FALSE),VLOOKUP(표1[[#This Row],[CAS No.]],[1]규제DB_유해법_사고대비물질!$B$2:$J$70,9,FALSE),""),"") | BD20: =IFERROR(IF(표1[[#This Row],[함량(W%)]]>=VLOOKUP(표1[[#This Row],[CAS No.]],'[1]규제DB_유해법_배출량조사 I'!$B:$D,3,FALSE),IF(VLOOKUP(표1[[#This Row],[CAS No.]],[1]기초자료!$A:$C,3,FALSE)>=1000,"배출량조사 I 물질",""),""),"") | BF20: =IFERROR(IF(표1[[#This Row],[함량(W%)]]>=VLOOKUP(표1[[#This Row],[CAS No.]],[1]규제DB_산안법_금지물질!$B:$E,4,FALSE), VLOOKUP(표1[[#This Row],[CAS No.]],[1]규제DB_산안법_금지물질!$B:$E,2,FALSE)&" : "&VLOOKUP(표1[[#This Row],[CAS No.]],[1]규제DB_산안법_금지물질!$B:$E,3,FALSE)&" 인지 확인하세요",""),"") | BG20: =IFERROR(IF(표1[[#This Row],[함량(W%)]]>=VLOOKUP(표1[[#This Row],[CAS No.]],[1]규제DB_산안법_허가물질!$B:$E,4,FALSE), "제품 허가물질",""),"") | BH20: =IFERROR(IF(표1[[#This Row],[함량(W%)]]>=VLOOKUP(표1[[#This Row],[CAS No.]], [1]규제DB_산안법_특별관리물질!$B:$E,4,FALSE), "제품 특별관리물질",""),"") | BJ20: =IFERROR(IF(표1[[#This Row],[CAS No.]]=VLOOKUP(표1[[#This Row],[CAS No.]], [1]규제DB_산안법_허용기준이하물질!$B:$D,1,FALSE),"제품 허용기준이하물질",""),"") | BK20: =IFERROR(VLOOKUP(표1[[#This Row],[CAS No.]], [1]규제DB_산안법_허용기준이하물질!$B:$D,3,FALSE),"") | BQ20: =IFERROR(VLOOKUP(표1[[#This Row],[CAS No.]], [1]규제DB_산안법_노출기준설정물질!$B:$K,8,FALSE),"") | BR20: =IFERROR(VLOOKUP(표1[[#This Row],[CAS No.]], [1]규제DB_산안법_노출기준설정물질!$B:$K,9,FALSE),"") | BS20: =IFERROR(VLOOKUP(표1[[#This Row],[CAS No.]], [1]규제DB_산안법_노출기준설정물질!$B:$K,10,FALSE),"") | BW20: =IFERROR(IF(VLOOKUP(표1[[#This Row],[CAS No.]],[1]규제DB_고용노동부고시_CMR!$B:$J,5,FALSE)="구분1A", IF(표1[[#This Row],[함량(W%)]]>=VLOOKUP(표1[[#This Row],[CAS No.]],[1]규제DB_고용노동부고시_CMR!$B:$J,6,FALSE),"제품 생식세포변이원성물질",""), IF(VLOOKUP(표1[[#This Row],[CAS No.]],[1]규제DB_고용노동부고시_CMR!$B:$J,5,FALSE)="구분1B", IF(표1[[#This Row],[함량(W%)]]>=VLOOKUP(표1[[#This Row],[CAS No.]],[1]규제DB_고용노동부고시_CMR!$B:$J,6,FALSE),"제품 생식세포변이원성물질",""), IF(VLOOKUP(표1[[#This Row],[CAS No.]],[1]규제DB_고용노동부고시_CMR!$B:$J,5,FALSE)="구분2", IF(표1[[#This Row],[함량(W%)]]>=VLOOKUP(표1[[#This Row],[CAS No.]],[1]규제DB_고용노동부고시_CMR!$B:$J,6,FALSE),"제품 생식세포변이원성물질",""),""))),"") | BZ20: =IFERROR(IF(표1[[#This Row],[CAS No.]]=VLOOKUP(표1[[#This Row],[CAS No.]],[1]규제DB_고압법_독성가스!$B:$D,1,FALSE),"독성가스",""),"") | CA20: =IFERROR(IF(표1[[#This Row],[CAS No.]]=VLOOKUP(표1[[#This Row],[CAS No.]],[1]규제DB_고압법_가연성가스!$B:$D,1,FALSE),"가연성가스",""),"") | CB20: =IFERROR(IF(표1[[#This Row],[CAS No.]]=VLOOKUP(표1[[#This Row],[CAS No.]],[1]규제DB_고압법_특수고압가스!$B:$D,1,FALSE),"특수고압가스",""),"") | CC20: =IFERROR(IF(표1[[#This Row],[CAS No.]]=VLOOKUP(표1[[#This Row],[CAS No.]],[1]규제DB_고압법_특정고압가스!$B:$D,1,FALSE),"특정고압가스",""),"") | CD20: =IFERROR(IF(표1[[#This Row],[함량(W%)]]>=VLOOKUP(표1[[#This Row],[CAS No.]],[1]규제DB_화관법_개별취급기준!$B:$G,5,FALSE),VLOOKUP(표1[[#This Row],[CAS No.]],[1]규제DB_화관법_개별취급기준!$B:$G,6,FALSE),""),"")
A21: 20 | C21: 삼화당피앤티 | E21: NEW BEST ONE SW-QS | F21: 내자 | G21: O | H21: 윤전 | I21: 인쇄 | J21: 한국특수잉크공업 | K21: 한국특수잉크공업 | M21: 원부자재 | N21: 옵셋 윤전 인쇄용 | O21: 혼합물 | P21: 고체 | Q21: 18 | R21: 18 | U21: 18 | V21: 18 | W21: =표1[[#This Row],[자재코드]]&"_"&표1[[#This Row],[자재명]]&"_"&표1[[#This Row],[공급업체명]] -> _NEW BEST ONE SW-QS_한국특수잉크공업 | X21: 구리 프탈로시아닌 | AB21: 4 | AC21: 첨가제 | AD21: X | AE21: O | AF21: O | AH21: 147-14-8 | AI21: =IFERROR(표1[[#This Row],[사용량(kg)]]*표1[[#This Row],[함량(W%)]]/100,"") -> 0.72 | AR21: =IFERROR(IF(표1[[#This Row],[함량(W%)]]>=VLOOKUP(표1[[#This Row],[CAS No.]],[1]규제DB_유해법_유독물!B:F,5,FALSE),"유독물질 제품",""),"") | AS21: =IFERROR(VLOOKUP(표1[[#This Row],[CAS No.]],[1]규제DB_유해법_금지물질!B:G,3,FALSE),"") | AT21: =IFERROR(VLOOKUP(표1[[#This Row],[CAS No.]],[1]규제DB_유해법_금지물질!B:G,4,FALSE)&" 인지 확인하세요","") | AU21: =IFERROR(VLOOKUP(표1[[#This Row],[CAS No.]],[1]규제DB_유해법_제한물질!B:G,3,FALSE),"") | AV21: =IFERROR(IF(표1[[#This Row],[함량(W%)]]>=VLOOKUP(표1[[#This Row],[CAS No.]],[1]규제DB_유해법_제한물질!$B:$G,5,FALSE),"제한 제품",""),"") | AW21: =IFERROR(VLOOKUP(표1[[#This Row],[CAS No.]],[1]규제DB_유해법_사고대비물질!B:J,2,FALSE),"") | AX21: =IFERROR(IF(표1[[#This Row],[함량(W%)]]>=VLOOKUP(표1[[#This Row],[CAS No.]],[1]규제DB_유해법_사고대비물질!$B:$J,4,FALSE),"사고대비물질 제품",""),"") | AY21: =IFERROR(VLOOKUP(표1[[#This Row],[CAS No.]],[1]규제DB_유해법_사고대비물질!$B:$J,5,FALSE),"") | AZ21: =IFERROR(VLOOKUP(표1[[#This Row],[CAS No.]],[1]규제DB_유해법_사고대비물질!$B:$J,6,FALSE),"") | BA21: =IFERROR(IF(표1[[#This Row],[함량(W%)]]>=VLOOKUP(표1[[#This Row],[CAS No.]],[1]규제DB_유해법_사고대비물질!$B:$J,4,FALSE),VLOOKUP(표1[[#This Row],[CAS No.]],[1]규제DB_유해법_사고대비물질!$B$2:$J$70,7,FALSE),""),"") | BB21: =IFERROR(IF(표1[[#This Row],[함량(W%)]]>=VLOOKUP(표1[[#This Row],[CAS No.]],[1]규제DB_유해법_사고대비물질!$B:$J,4,FALSE),VLOOKUP(표1[[#This Row],[CAS No.]],[1]규제DB_유해법_사고대비물질!$B$2:$J$70,8,FALSE),""),"") | BC21: =IFERROR(IF(표1[[#This Row],[함량(W%)]]>=VLOOKUP(표1[[#This Row],[CAS No.]],[1]규제DB_유해법_사고대비물질!$B:$J,4,FALSE),VLOOKUP(표1[[#This Row],[CAS No.]],[1]규제DB_유해법_사고대비물질!$B$2:$J$70,9,FALSE),""),"") | BD21: =IFERROR(IF(표1[[#This Row],[함량(W%)]]>=VLOOKUP(표1[[#This Row],[CAS No.]],'[1]규제DB_유해법_배출량조사 I'!$B:$D,3,FALSE),IF(VLOOKUP(표1[[#This Row],[CAS No.]],[1]기초자료!$A:$C,3,FALSE)>=1000,"배출량조사 I 물질",""),""),"") | BF21: =IFERROR(IF(표1[[#This Row],[함량(W%)]]>=VLOOKUP(표1[[#This Row],[CAS No.]],[1]규제DB_산안법_금지물질!$B:$E,4,FALSE), VLOOKUP(표1[[#This Row],[CAS No.]],[1]규제DB_산안법_금지물질!$B:$E,2,FALSE)&" : "&VLOOKUP(표1[[#This Row],[CAS No.]],[1]규제DB_산안법_금지물질!$B:$E,3,FALSE)&" 인지 확인하세요",""),"") | BG21: =IFERROR(IF(표1[[#This Row],[함량(W%)]]>=VLOOKUP(표1[[#This Row],[CAS No.]],[1]규제DB_산안법_허가물질!$B:$E,4,FALSE), "제품 허가물질",""),"") | BH21: =IFERROR(IF(표1[[#This Row],[함량(W%)]]>=VLOOKUP(표1[[#This Row],[CAS No.]], [1]규제DB_산안법_특별관리물질!$B:$E,4,FALSE), "제품 특별관리물질",""),"") | BJ21: =IFERROR(IF(표1[[#This Row],[CAS No.]]=VLOOKUP(표1[[#This Row],[CAS No.]], [1]규제DB_산안법_허용기준이하물질!$B:$D,1,FALSE),"제품 허용기준이하물질",""),"") | BK21: =IFERROR(VLOOKUP(표1[[#This Row],[CAS No.]], [1]규제DB_산안법_허용기준이하물질!$B:$D,3,FALSE),"") | BQ21: =IFERROR(VLOOKUP(표1[[#This Row],[CAS No.]], [1]규제DB_산안법_노출기준설정물질!$B:$K,8,FALSE),"") | BR21: =IFERROR(VLOOKUP(표1[[#This Row],[CAS No.]], [1]규제DB_산안법_노출기준설정물질!$B:$K,9,FALSE),"") | BS21: =IFERROR(VLOOKUP(표1[[#This Row],[CAS No.]], [1]규제DB_산안법_노출기준설정물질!$B:$K,10,FALSE),"") | BV21: =IFERROR(IF(VLOOKUP(표1[[#This Row],[CAS No.]],[1]규제DB_고용노동부고시_CMR!$B:$J,3,FALSE)="구분1A", IF(표1[[#This Row],[함량(W%)]]>=VLOOKUP(표1[[#This Row],[CAS No.]],[1]규제DB_고용노동부고시_CMR!$B:$J,4,FALSE),"제품 발암성물질",""), IF(VLOOKUP(표1[[#This Row],[CAS No.]],[1]규제DB_고용노동부고시_CMR!$B:$J,3,FALSE)="구분1B", IF(표1[[#This Row],[함량(W%)]]>=VLOOKUP(표1[[#This Row],[CAS No.]],[1]규제DB_고용노동부고시_CMR!$B:$J,4,FALSE),"제품 발암성물질",""), IF(VLOOKUP(표1[[#This Row],[CAS No.]],[1]규제DB_고용노동부고시_CMR!$B:$J,3,FALSE)="구분2", IF(표1[[#This Row],[함량(W%)]]>=VLOOKUP(표1[[#This Row],[CAS No.]],[1]규제DB_고용노동부고시_CMR!$B:$J,4,FALSE),"제품 발암성물질",""),""))),"") | BW21: =IFERROR(IF(VLOOKUP(표1[[#This Row],[CAS No.]],[1]규제DB_고용노동부고시_CMR!$B:$J,5,FALSE)="구분1A", IF(표1[[#This Row],[함량(W%)]]>=VLOOKUP(표1[[#This Row],[CAS No.]],[1]규제DB_고용노동부고시_CMR!$B:$J,6,FALSE),"제품 생식세포변이원성물질",""), IF(VLOOKUP(표1[[#This Row],[CAS No.]],[1]규제DB_고용노동부고시_CMR!$B:$J,5,FALSE)="구분1B", IF(표1[[#This Row],[함량(W%)]]>=VLOOKUP(표1[[#This Row],[CAS No.]],[1]규제DB_고용노동부고시_CMR!$B:$J,6,FALSE),"제품 생식세포변이원성물질",""), IF(VLOOKUP(표1[[#This Row],[CAS No.]],[1]규제DB_고용노동부고시_CMR!$B:$J,5,FALSE)="구분2", IF(표1[[#This Row],[함량(W%)]]>=VLOOKUP(표1[[#This Row],[CAS No.]],[1]규제DB_고용노동부고시_CMR!$B:$J,6,FALSE),"제품 생식세포변이원성물질",""),""))),"") | BX21: =IFERROR(IF(VLOOKUP(표1[[#This Row],[CAS No.]],[1]규제DB_고용노동부고시_CMR!$B:$J,7,FALSE)="구분1A", IF(표1[[#This Row],[함량(W%)]]>=VLOOKUP(표1[[#This Row],[CAS No.]],[1]규제DB_고용노동부고시_CMR!$B:$J,8,FALSE),"제품 생식독성물질",""), IF(VLOOKUP(표1[[#This Row],[CAS No.]],[1]규제DB_고용노동부고시_CMR!$B:$J,7,FALSE)="구분1B", IF(표1[[#This Row],[함량(W%)]]>=VLOOKUP(표1[[#This Row],[CAS No.]],[1]규제DB_고용노동부고시_CMR!$B:$J,8,FALSE),"제품 생식독성물질",""), IF(VLOOKUP(표1[[#This Row],[CAS No.]],[1]규제DB_고용노동부고시_CMR!$B:$J,7,FALSE)="구분2", IF(표1[[#This Row],[함량(W%)]]>=VLOOKUP(표1[[#This Row],[CAS No.]],[1]규제DB_고용노동부고시_CMR!$B:$J,8,FALSE),"제품 생식독성물질",""),""))),"") | BY21: =IFERROR(VLOOKUP(표1[[#This Row],[CAS No.]],[1]규제DB_위험물안전관리법_위험물!$B:$F,3,FALSE),"") | BZ21: =IFERROR(IF(표1[[#This Row],[CAS No.]]=VLOOKUP(표1[[#This Row],[CAS No.]],[1]규제DB_고압법_독성가스!$B:$D,1,FALSE),"독성가스",""),"") | CA21: =IFERROR(IF(표1[[#This Row],[CAS No.]]=VLOOKUP(표1[[#This Row],[CAS No.]],[1]규제DB_고압법_가연성가스!$B:$D,1,FALSE),"가연성가스",""),"") | CB21: =IFERROR(IF(표1[[#This Row],[CAS No.]]=VLOOKUP(표1[[#This Row],[CAS No.]],[1]규제DB_고압법_특수고압가스!$B:$D,1,FALSE),"특수고압가스",""),"") | CC21: =IFERROR(IF(표1[[#This Row],[CAS No.]]=VLOOKUP(표1[[#This Row],[CAS No.]],[1]규제DB_고압법_특정고압가스!$B:$D,1,FALSE),"특정고압가스",""),"") | CD21: =IFERROR(IF(표1[[#This Row],[함량(W%)]]>=VLOOKUP(표1[[#This Row],[CAS No.]],[1]규제DB_화관법_개별취급기준!$B:$G,5,FALSE),VLOOKUP(표1[[#This Row],[CAS No.]],[1]규제DB_화관법_개별취급기준!$B:$G,6,FALSE),""),"")
A22: 21 | C22: 삼화당피앤티 | E22: NEW BEST ONE SW-QS | F22: 내자 | G22: O | H22: 윤전 | I22: 인쇄 | J22: 한국특수잉크공업 | K22: 한국특수잉크공업 | M22: 원부자재 | N22: 옵셋 윤전 인쇄용 | O22: 혼합물 | P22: 고체 | Q22: 18 | R22: 18 | U22: 18 | V22: 18 | W22: =표1[[#This Row],[자재코드]]&"_"&표1[[#This Row],[자재명]]&"_"&표1[[#This Row],[공급업체명]] -> _NEW BEST ONE SW-QS_한국특수잉크공업 | X22: C.I. 색소 적색 57 칼슘 염(C.I. PIGMENT RED 57 CALCIUM SALT) | AB22: 4 | AC22: 첨가제 | AD22: X | AE22: O | AF22: O | AH22: 1234986 | AI22: =IFERROR(표1[[#This Row],[사용량(kg)]]*표1[[#This Row],[함량(W%)]]/100,"") -> 0.72 | AR22: =IFERROR(IF(표1[[#This Row],[함량(W%)]]>=VLOOKUP(표1[[#This Row],[CAS No.]],[1]규제DB_유해법_유독물!B:F,5,FALSE),"유독물질 제품",""),"") | AS22: =IFERROR(VLOOKUP(표1[[#This Row],[CAS No.]],[1]규제DB_유해법_금지물질!B:G,3,FALSE),"") | AT22: =IFERROR(VLOOKUP(표1[[#This Row],[CAS No.]],[1]규제DB_유해법_금지물질!B:G,4,FALSE)&" 인지 확인하세요","") | AU22: =IFERROR(VLOOKUP(표1[[#This Row],[CAS No.]],[1]규제DB_유해법_제한물질!B:G,3,FALSE),"") | AV22: =IFERROR(IF(표1[[#This Row],[함량(W%)]]>=VLOOKUP(표1[[#This Row],[CAS No.]],[1]규제DB_유해법_제한물질!$B:$G,5,FALSE),"제한 제품",""),"") | AW22: =IFERROR(VLOOKUP(표1[[#This Row],[CAS No.]],[1]규제DB_유해법_사고대비물질!B:J,2,FALSE),"") | AX22: =IFERROR(IF(표1[[#This Row],[함량(W%)]]>=VLOOKUP(표1[[#This Row],[CAS No.]],[1]규제DB_유해법_사고대비물질!$B:$J,4,FALSE),"사고대비물질 제품",""),"") | AY22: =IFERROR(VLOOKUP(표1[[#This Row],[CAS No.]],[1]규제DB_유해법_사고대비물질!$B:$J,5,FALSE),"") | AZ22: =IFERROR(VLOOKUP(표1[[#This Row],[CAS No.]],[1]규제DB_유해법_사고대비물질!$B:$J,6,FALSE),"") | BA22: =IFERROR(IF(표1[[#This Row],[함량(W%)]]>=VLOOKUP(표1[[#This Row],[CAS No.]],[1]규제DB_유해법_사고대비물질!$B:$J,4,FALSE),VLOOKUP(표1[[#This Row],[CAS No.]],[1]규제DB_유해법_사고대비물질!$B$2:$J$70,7,FALSE),""),"") | BB22: =IFERROR(IF(표1[[#This Row],[함량(W%)]]>=VLOOKUP(표1[[#This Row],[CAS No.]],[1]규제DB_유해법_사고대비물질!$B:$J,4,FALSE),VLOOKUP(표1[[#This Row],[CAS No.]],[1]규제DB_유해법_사고대비물질!$B$2:$J$70,8,FALSE),""),"") | BC22: =IFERROR(IF(표1[[#This Row],[함량(W%)]]>=VLOOKUP(표1[[#This Row],[CAS No.]],[1]규제DB_유해법_사고대비물질!$B:$J,4,FALSE),VLOOKUP(표1[[#This Row],[CAS No.]],[1]규제DB_유해법_사고대비물질!$B$2:$J$70,9,FALSE),""),"") | BD22: =IFERROR(IF(표1[[#This Row],[함량(W%)]]>=VLOOKUP(표1[[#This Row],[CAS No.]],'[1]규제DB_유해법_배출량조사 I'!$B:$D,3,FALSE),IF(VLOOKUP(표1[[#This Row],[CAS No.]],[1]기초자료!$A:$C,3,FALSE)>=1000,"배출량조사 I 물질",""),""),"") | BF22: =IFERROR(IF(표1[[#This Row],[함량(W%)]]>=VLOOKUP(표1[[#This Row],[CAS No.]],[1]규제DB_산안법_금지물질!$B:$E,4,FALSE), VLOOKUP(표1[[#This Row],[CAS No.]],[1]규제DB_산안법_금지물질!$B:$E,2,FALSE)&" : "&VLOOKUP(표1[[#This Row],[CAS No.]],[1]규제DB_산안법_금지물질!$B:$E,3,FALSE)&" 인지 확인하세요",""),"") | BG22: =IFERROR(IF(표1[[#This Row],[함량(W%)]]>=VLOOKUP(표1[[#This Row],[CAS No.]],[1]규제DB_산안법_허가물질!$B:$E,4,FALSE), "제품 허가물질",""),"") | BH22: =IFERROR(IF(표1[[#This Row],[함량(W%)]]>=VLOOKUP(표1[[#This Row],[CAS No.]], [1]규제DB_산안법_특별관리물질!$B:$E,4,FALSE), "제품 특별관리물질",""),"") | BJ22: =IFERROR(IF(표1[[#This Row],[CAS No.]]=VLOOKUP(표1[[#This Row],[CAS No.]], [1]규제DB_산안법_허용기준이하물질!$B:$D,1,FALSE),"제품 허용기준이하물질",""),"") | BK22: =IFERROR(VLOOKUP(표1[[#This Row],[CAS No.]], [1]규제DB_산안법_허용기준이하물질!$B:$D,3,FALSE),"") | BQ22: =IFERROR(VLOOKUP(표1[[#This Row],[CAS No.]], [1]규제DB_산안법_노출기준설정물질!$B:$K,8,FALSE),"") | BR22: =IFERROR(VLOOKUP(표1[[#This Row],[CAS No.]], [1]규제DB_산안법_노출기준설정물질!$B:$K,9,FALSE),"") | BS22: =IFERROR(VLOOKUP(표1[[#This Row],[CAS No.]], [1]규제DB_산안법_노출기준설정물질!$B:$K,10,FALSE),"") | BT22: =IFERROR(IF(표1[[#This Row],[함량(W%)]]>=VLOOKUP(표1[[#This Row],[CAS No.]], [1]규제DB_산안법_작업환경측정대상유해인자!$B:$F,5,FALSE), "제품 작업환경측정대상유해인자",""),"") | BU22: =IFERROR(IF(표1[[#This Row],[CAS No.]]=VLOOKUP(표1[[#This Row],[CAS No.]], [1]규제DB_산안법_특수건강진단대상유해인자!$B:$C,1,FALSE), "제품 특수건강진단대상유해인자",""),"") | BV22: =IFERROR(IF(VLOOKUP(표1[[#This Row],[CAS No.]],[1]규제DB_고용노동부고시_CMR!$B:$J,3,FALSE)="구분1A", IF(표1[[#This Row],[함량(W%)]]>=VLOOKUP(표1[[#This Row],[CAS No.]],[1]규제DB_고용노동부고시_CMR!$B:$J,4,FALSE),"제품 발암성물질",""), IF(VLOOKUP(표1[[#This Row],[CAS No.]],[1]규제DB_고용노동부고시_CMR!$B:$J,3,FALSE)="구분1B", IF(표1[[#This Row],[함량(W%)]]>=VLOOKUP(표1[[#This Row],[CAS No.]],[1]규제DB_고용노동부고시_CMR!$B:$J,4,FALSE),"제품 발암성물질",""), IF(VLOOKUP(표1[[#This Row],[CAS No.]],[1]규제DB_고용노동부고시_CMR!$B:$J,3,FALSE)="구분2", IF(표1[[#This Row],[함량(W%)]]>=VLOOKUP(표1[[#This Row],[CAS No.]],[1]규제DB_고용노동부고시_CMR!$B:$J,4,FALSE),"제품 발암성물질",""),""))),"") | BW22: =IFERROR(IF(VLOOKUP(표1[[#This Row],[CAS No.]],[1]규제DB_고용노동부고시_CMR!$B:$J,5,FALSE)="구분1A", IF(표1[[#This Row],[함량(W%)]]>=VLOOKUP(표1[[#This Row],[CAS No.]],[1]규제DB_고용노동부고시_CMR!$B:$J,6,FALSE),"제품 생식세포변이원성물질",""), IF(VLOOKUP(표1[[#This Row],[CAS No.]],[1]규제DB_고용노동부고시_CMR!$B:$J,5,FALSE)="구분1B", IF(표1[[#This Row],[함량(W%)]]>=VLOOKUP(표1[[#This Row],[CAS No.]],[1]규제DB_고용노동부고시_CMR!$B:$J,6,FALSE),"제품 생식세포변이원성물질",""), IF(VLOOKUP(표1[[#This Row],[CAS No.]],[1]규제DB_고용노동부고시_CMR!$B:$J,5,FALSE)="구분2", IF(표1[[#This Row],[함량(W%)]]>=VLOOKUP(표1[[#This Row],[CAS No.]],[1]규제DB_고용노동부고시_CMR!$B:$J,6,FALSE),"제품 생식세포변이원성물질",""),""))),"") | BX22: =IFERROR(IF(VLOOKUP(표1[[#This Row],[CAS No.]],[1]규제DB_고용노동부고시_CMR!$B:$J,7,FALSE)="구분1A", IF(표1[[#This Row],[함량(W%)]]>=VLOOKUP(표1[[#This Row],[CAS No.]],[1]규제DB_고용노동부고시_CMR!$B:$J,8,FALSE),"제품 생식독성물질",""), IF(VLOOKUP(표1[[#This Row],[CAS No.]],[1]규제DB_고용노동부고시_CMR!$B:$J,7,FALSE)="구분1B", IF(표1[[#This Row],[함량(W%)]]>=VLOOKUP(표1[[#This Row],[CAS No.]],[1]규제DB_고용노동부고시_CMR!$B:$J,8,FALSE),"제품 생식독성물질",""), IF(VLOOKUP(표1[[#This Row],[CAS No.]],[1]규제DB_고용노동부고시_CMR!$B:$J,7,FALSE)="구분2", IF(표1[[#This Row],[함량(W%)]]>=VLOOKUP(표1[[#This Row],[CAS No.]],[1]규제DB_고용노동부고시_CMR!$B:$J,8,FALSE),"제품 생식독성물질",""),""))),"") | BY22: =IFERROR(VLOOKUP(표1[[#This Row],[CAS No.]],[1]규제DB_위험물안전관리법_위험물!$B:$F,3,FALSE),"") | BZ22: =IFERROR(IF(표1[[#This Row],[CAS No.]]=VLOOKUP(표1[[#This Row],[CAS No.]],[1]규제DB_고압법_독성가스!$B:$D,1,FALSE),"독성가스",""),"") | CA22: =IFERROR(IF(표1[[#This Row],[CAS No.]]=VLOOKUP(표1[[#This Row],[CAS No.]],[1]규제DB_고압법_가연성가스!$B:$D,1,FALSE),"가연성가스",""),"") | CB22: =IFERROR(IF(표1[[#This Row],[CAS No.]]=VLOOKUP(표1[[#This Row],[CAS No.]],[1]규제DB_고압법_특수고압가스!$B:$D,1,FALSE),"특수고압가스",""),"") | CC22: =IFERROR(IF(표1[[#This Row],[CAS No.]]=VLOOKUP(표1[[#This Row],[CAS No.]],[1]규제DB_고압법_특정고압가스!$B:$D,1,FALSE),"특정고압가스",""),"") | CD22: =IFERROR(IF(표1[[#This Row],[함량(W%)]]>=VLOOKUP(표1[[#This Row],[CAS No.]],[1]규제DB_화관법_개별취급기준!$B:$G,5,FALSE),VLOOKUP(표1[[#This Row],[CAS No.]],[1]규제DB_화관법_개별취급기준!$B:$G,6,FALSE),""),"")
A23: 22 | C23: 삼화당피앤티 | E23: NEW BEST ONE-QS | F23: 내자 | G23: O | H23: 윤전 | I23: 인쇄 | J23: 한국특수잉크공업 | K23: 한국특수잉크공업 | M23: 원부자재 | N23: 옵셋 윤전 인쇄용 | O23: 혼합물 | P23: 고체 | Q23: 18 | R23: 18 | U23: 18 | V23: 18 | W23: =표1[[#This Row],[자재코드]]&"_"&표1[[#This Row],[자재명]]&"_"&표1[[#This Row],[공급업체명]] -> _NEW BEST ONE-QS_한국특수잉크공업 | X23: C.I. 색소 황색 12(C.I. PIGMENT YELLOW 12) | AB23: 4 | AC23: 첨가제 | AD23: X | AE23: O | AF23: O | AH23: 6358-85-6 | AI23: =IFERROR(표1[[#This Row],[사용량(kg)]]*표1[[#This Row],[함량(W%)]]/100,"") -> 0.72 | AR23: =IFERROR(IF(표1[[#This Row],[함량(W%)]]>=VLOOKUP(표1[[#This Row],[CAS No.]],[1]규제DB_유해법_유독물!B:F,5,FALSE),"유독물질 제품",""),"") | AS23: =IFERROR(VLOOKUP(표1[[#This Row],[CAS No.]],[1]규제DB_유해법_금지물질!B:G,3,FALSE),"") | AT23: =IFERROR(VLOOKUP(표1[[#This Row],[CAS No.]],[1]규제DB_유해법_금지물질!B:G,4,FALSE)&" 인지 확인하세요","") | AU23: =IFERROR(VLOOKUP(표1[[#This Row],[CAS No.]],[1]규제DB_유해법_제한물질!B:G,3,FALSE),"") | AV23: =IFERROR(IF(표1[[#This Row],[함량(W%)]]>=VLOOKUP(표1[[#This Row],[CAS No.]],[1]규제DB_유해법_제한물질!$B:$G,5,FALSE),"제한 제품",""),"") | AW23: =IFERROR(VLOOKUP(표1[[#This Row],[CAS No.]],[1]규제DB_유해법_사고대비물질!B:J,2,FALSE),"") | AX23: =IFERROR(IF(표1[[#This Row],[함량(W%)]]>=VLOOKUP(표1[[#This Row],[CAS No.]],[1]규제DB_유해법_사고대비물질!$B:$J,4,FALSE),"사고대비물질 제품",""),"") | AY23: =IFERROR(VLOOKUP(표1[[#This Row],[CAS No.]],[1]규제DB_유해법_사고대비물질!$B:$J,5,FALSE),"") | AZ23: =IFERROR(VLOOKUP(표1[[#This Row],[CAS No.]],[1]규제DB_유해법_사고대비물질!$B:$J,6,FALSE),"") | BA23: =IFERROR(IF(표1[[#This Row],[함량(W%)]]>=VLOOKUP(표1[[#This Row],[CAS No.]],[1]규제DB_유해법_사고대비물질!$B:$J,4,FALSE),VLOOKUP(표1[[#This Row],[CAS No.]],[1]규제DB_유해법_사고대비물질!$B$2:$J$70,7,FALSE),""),"") | BB23: =IFERROR(IF(표1[[#This Row],[함량(W%)]]>=VLOOKUP(표1[[#This Row],[CAS No.]],[1]규제DB_유해법_사고대비물질!$B:$J,4,FALSE),VLOOKUP(표1[[#This Row],[CAS No.]],[1]규제DB_유해법_사고대비물질!$B$2:$J$70,8,FALSE),""),"") | BC23: =IFERROR(IF(표1[[#This Row],[함량(W%)]]>=VLOOKUP(표1[[#This Row],[CAS No.]],[1]규제DB_유해법_사고대비물질!$B:$J,4,FALSE),VLOOKUP(표1[[#This Row],[CAS No.]],[1]규제DB_유해법_사고대비물질!$B$2:$J$70,9,FALSE),""),"") | BD23: =IFERROR(IF(표1[[#This Row],[함량(W%)]]>=VLOOKUP(표1[[#This Row],[CAS No.]],'[1]규제DB_유해법_배출량조사 I'!$B:$D,3,FALSE),IF(VLOOKUP(표1[[#This Row],[CAS No.]],[1]기초자료!$A:$C,3,FALSE)>=1000,"배출량조사 I 물질",""),""),"") | BE23: =IFERROR(IF(표1[[#This Row],[함량(W%)]]>=VLOOKUP(표1[[#This Row],[CAS No.]],'[1]규제DB_유해법_배출량조사 II'!B:D,3,FALSE),IF(VLOOKUP(표1[[#This Row],[CAS No.]],[1]기초자료!$A:$C,3,FALSE)>=10000,"배출량조사 II 물질",""),""),"") | BF23: =IFERROR(IF(표1[[#This Row],[함량(W%)]]>=VLOOKUP(표1[[#This Row],[CAS No.]],[1]규제DB_산안법_금지물질!$B:$E,4,FALSE), VLOOKUP(표1[[#This Row],[CAS No.]],[1]규제DB_산안법_금지물질!$B:$E,2,FALSE)&" : "&VLOOKUP(표1[[#This Row],[CAS No.]],[1]규제DB_산안법_금지물질!$B:$E,3,FALSE)&" 인지 확인하세요",""),"") | BG23: =IFERROR(IF(표1[[#This Row],[함량(W%)]]>=VLOOKUP(표1[[#This Row],[CAS No.]],[1]규제DB_산안법_허가물질!$B:$E,4,FALSE), "제품 허가물질",""),"") | BH23: =IFERROR(IF(표1[[#This Row],[함량(W%)]]>=VLOOKUP(표1[[#This Row],[CAS No.]], [1]규제DB_산안법_특별관리물질!$B:$E,4,FALSE), "제품 특별관리물질",""),"") | BI23: =IFERROR(IF(표1[[#This Row],[함량(W%)]]>=VLOOKUP(표1[[#This Row],[CAS No.]], [1]규제DB_산안법_관리대상유해물질!$B:$E,4,FALSE), "제품 관리대상유해물질",""),"") | BJ23: =IFERROR(IF(표1[[#This Row],[CAS No.]]=VLOOKUP(표1[[#This Row],[CAS No.]], [1]규제DB_산안법_허용기준이하물질!$B:$D,1,FALSE),"제품 허용기준이하물질",""),"") | BK23: =IFERROR(VLOOKUP(표1[[#This Row],[CAS No.]], [1]규제DB_산안법_허용기준이하물질!$B:$D,3,FALSE),"") | BQ23: =IFERROR(VLOOKUP(표1[[#This Row],[CAS No.]], [1]규제DB_산안법_노출기준설정물질!$B:$K,8,FALSE),"") | BR23: =IFERROR(VLOOKUP(표1[[#This Row],[CAS No.]], [1]규제DB_산안법_노출기준설정물질!$B:$K,9,FALSE),"") | BS23: =IFERROR(VLOOKUP(표1[[#This Row],[CAS No.]], [1]규제DB_산안법_노출기준설정물질!$B:$K,10,FALSE),"") | BT23: =IFERROR(IF(표1[[#This Row],[함량(W%)]]>=VLOOKUP(표1[[#This Row],[CAS No.]], [1]규제DB_산안법_작업환경측정대상유해인자!$B:$F,5,FALSE), "제품 작업환경측정대상유해인자",""),"") | BU23: =IFERROR(IF(표1[[#This Row],[CAS No.]]=VLOOKUP(표1[[#This Row],[CAS No.]], [1]규제DB_산안법_특수건강진단대상유해인자!$B:$C,1,FALSE), "제품 특수건강진단대상유해인자",""),"") | BV23: =IFERROR(IF(VLOOKUP(표1[[#This Row],[CAS No.]],[1]규제DB_고용노동부고시_CMR!$B:$J,3,FALSE)="구분1A", IF(표1[[#This Row],[함량(W%)]]>=VLOOKUP(표1[[#This Row],[CAS No.]],[1]규제DB_고용노동부고시_CMR!$B:$J,4,FALSE),"제품 발암성물질",""), IF(VLOOKUP(표1[[#This Row],[CAS No.]],[1]규제DB_고용노동부고시_CMR!$B:$J,3,FALSE)="구분1B", IF(표1[[#This Row],[함량(W%)]]>=VLOOKUP(표1[[#This Row],[CAS No.]],[1]규제DB_고용노동부고시_CMR!$B:$J,4,FALSE),"제품 발암성물질",""), IF(VLOOKUP(표1[[#This Row],[CAS No.]],[1]규제DB_고용노동부고시_CMR!$B:$J,3,FALSE)="구분2", IF(표1[[#This Row],[함량(W%)]]>=VLOOKUP(표1[[#This Row],[CAS No.]],[1]규제DB_고용노동부고시_CMR!$B:$J,4,FALSE),"제품 발암성물질",""),""))),"") | BW23: =IFERROR(IF(VLOOKUP(표1[[#This Row],[CAS No.]],[1]규제DB_고용노동부고시_CMR!$B:$J,5,FALSE)="구분1A", IF(표1[[#This Row],[함량(W%)]]>=VLOOKUP(표1[[#This Row],[CAS No.]],[1]규제DB_고용노동부고시_CMR!$B:$J,6,FALSE),"제품 생식세포변이원성물질",""), IF(VLOOKUP(표1[[#This Row],[CAS No.]],[1]규제DB_고용노동부고시_CMR!$B:$J,5,FALSE)="구분1B", IF(표1[[#This Row],[함량(W%)]]>=VLOOKUP(표1[[#This Row],[CAS No.]],[1]규제DB_고용노동부고시_CMR!$B:$J,6,FALSE),"제품 생식세포변이원성물질",""), IF(VLOOKUP(표1[[#This Row],[CAS No.]],[1]규제DB_고용노동부고시_CMR!$B:$J,5,FALSE)="구분2", IF(표1[[#This Row],[함량(W%)]]>=VLOOKUP(표1[[#This Row],[CAS No.]],[1]규제DB_고용노동부고시_CMR!$B:$J,6,FALSE),"제품 생식세포변이원성물질",""),""))),"") | BX23: =IFERROR(IF(VLOOKUP(표1[[#This Row],[CAS No.]],[1]규제DB_고용노동부고시_CMR!$B:$J,7,FALSE)="구분1A", IF(표1[[#This Row],[함량(W%)]]>=VLOOKUP(표1[[#This Row],[CAS No.]],[1]규제DB_고용노동부고시_CMR!$B:$J,8,FALSE),"제품 생식독성물질",""), IF(VLOOKUP(표1[[#This Row],[CAS No.]],[1]규제DB_고용노동부고시_CMR!$B:$J,7,FALSE)="구분1B", IF(표1[[#This Row],[함량(W%)]]>=VLOOKUP(표1[[#This Row],[CAS No.]],[1]규제DB_고용노동부고시_CMR!$B:$J,8,FALSE),"제품 생식독성물질",""), IF(VLOOKUP(표1[[#This Row],[CAS No.]],[1]규제DB_고용노동부고시_CMR!$B:$J,7,FALSE)="구분2", IF(표1[[#This Row],[함량(W%)]]>=VLOOKUP(표1[[#This Row],[CAS No.]],[1]규제DB_고용노동부고시_CMR!$B:$J,8,FALSE),"제품 생식독성물질",""),""))),"") | BY23: =IFERROR(VLOOKUP(표1[[#This Row],[CAS No.]],[1]규제DB_위험물안전관리법_위험물!$B:$F,3,FALSE),"") | BZ23: =IFERROR(IF(표1[[#This Row],[CAS No.]]=VLOOKUP(표1[[#This Row],[CAS No.]],[1]규제DB_고압법_독성가스!$B:$D,1,FALSE),"독성가스",""),"") | CA23: =IFERROR(IF(표1[[#This Row],[CAS No.]]=VLOOKUP(표1[[#This Row],[CAS No.]],[1]규제DB_고압법_가연성가스!$B:$D,1,FALSE),"가연성가스",""),"") | CB23: =IFERROR(IF(표1[[#This Row],[CAS No.]]=VLOOKUP(표1[[#This Row],[CAS No.]],[1]규제DB_고압법_특수고압가스!$B:$D,1,FALSE),"특수고압가스",""),"") | CC23: =IFERROR(IF(표1[[#This Row],[CAS No.]]=VLOOKUP(표1[[#This Row],[CAS No.]],[1]규제DB_고압법_특정고압가스!$B:$D,1,FALSE),"특정고압가스",""),"") | CD23: =IFERROR(IF(표1[[#This Row],[함량(W%)]]>=VLOOKUP(표1[[#This Row],[CAS No.]],[1]규제DB_화관법_개별취급기준!$B:$G,5,FALSE),VLOOKUP(표1[[#This Row],[CAS No.]],[1]규제DB_화관법_개별취급기준!$B:$G,6,FALSE),""),"")
A24: 23 | C24: 삼화당피앤티 | E24: NEW BEST ONE SW-QS | F24: 내자 | G24: O | H24: 윤전 | I24: 인쇄 | J24: 한국특수잉크공업 | K24: 한국특수잉크공업 | M24: 원부자재 | N24: 옵셋 윤전 인쇄용 | O24: 혼합물 | P24: 액체 | Q24: 18 | R24: 18 | U24: 18 | V24: 18 | W24: =표1[[#This Row],[자재코드]]&"_"&표1[[#This Row],[자재명]]&"_"&표1[[#This Row],[공급업체명]] -> _NEW BEST ONE SW-QS_한국특수잉크공업 | X24: 수소탈황화 중간 정제유 (석유)(DISTILLATES (PETROLEUM), HYDRODESULFURIZED MIDDLE) | AB24: 5 | AC24: 첨가제 | AD24: X | AE24: O | AF24: O | AH24: 64742-80-9 | AI24: =IFERROR(표1[[#This Row],[사용량(kg)]]*표1[[#This Row],[함량(W%)]]/100,"") -> 0.9 | AR24: =IFERROR(IF(표1[[#This Row],[함량(W%)]]>=VLOOKUP(표1[[#This Row],[CAS No.]],[1]규제DB_유해법_유독물!B:F,5,FALSE),"유독물질 제품",""),"") | AS24: =IFERROR(VLOOKUP(표1[[#This Row],[CAS No.]],[1]규제DB_유해법_금지물질!B:G,3,FALSE),"") | AT24: =IFERROR(VLOOKUP(표1[[#This Row],[CAS No.]],[1]규제DB_유해법_금지물질!B:G,4,FALSE)&" 인지 확인하세요","") | AU24: =IFERROR(VLOOKUP(표1[[#This Row],[CAS No.]],[1]규제DB_유해법_제한물질!B:G,3,FALSE),"") | AV24: =IFERROR(IF(표1[[#This Row],[함량(W%)]]>=VLOOKUP(표1[[#This Row],[CAS No.]],[1]규제DB_유해법_제한물질!$B:$G,5,FALSE),"제한 제품",""),"") | AW24: =IFERROR(VLOOKUP(표1[[#This Row],[CAS No.]],[1]규제DB_유해법_사고대비물질!B:J,2,FALSE),"") | AX24: =IFERROR(IF(표1[[#This Row],[함량(W%)]]>=VLOOKUP(표1[[#This Row],[CAS No.]],[1]규제DB_유해법_사고대비물질!$B:$J,4,FALSE),"사고대비물질 제품",""),"") | AY24: =IFERROR(VLOOKUP(표1[[#This Row],[CAS No.]],[1]규제DB_유해법_사고대비물질!$B:$J,5,FALSE),"") | AZ24: =IFERROR(VLOOKUP(표1[[#This Row],[CAS No.]],[1]규제DB_유해법_사고대비물질!$B:$J,6,FALSE),"") | BA24: =IFERROR(IF(표1[[#This Row],[함량(W%)]]>=VLOOKUP(표1[[#This Row],[CAS No.]],[1]규제DB_유해법_사고대비물질!$B:$J,4,FALSE),VLOOKUP(표1[[#This Row],[CAS No.]],[1]규제DB_유해법_사고대비물질!$B$2:$J$70,7,FALSE),""),"") | BB24: =IFERROR(IF(표1[[#This Row],[함량(W%)]]>=VLOOKUP(표1[[#This Row],[CAS No.]],[1]규제DB_유해법_사고대비물질!$B:$J,4,FALSE),VLOOKUP(표1[[#This Row],[CAS No.]],[1]규제DB_유해법_사고대비물질!$B$2:$J$70,8,FALSE),""),"") | BC24: =IFERROR(IF(표1[[#This Row],[함량(W%)]]>=VLOOKUP(표1[[#This Row],[CAS No.]],[1]규제DB_유해법_사고대비물질!$B:$J,4,FALSE),VLOOKUP(표1[[#This Row],[CAS No.]],[1]규제DB_유해법_사고대비물질!$B$2:$J$70,9,FALSE),""),"") | BD24: =IFERROR(IF(표1[[#This Row],[함량(W%)]]>=VLOOKUP(표1[[#This Row],[CAS No.]],'[1]규제DB_유해법_배출량조사 I'!$B:$D,3,FALSE),IF(VLOOKUP(표1[[#This Row],[CAS No.]],[1]기초자료!$A:$C,3,FALSE)>=1000,"배출량조사 I 물질",""),""),"") | BF24: =IFERROR(IF(표1[[#This Row],[함량(W%)]]>=VLOOKUP(표1[[#This Row],[CAS No.]],[1]규제DB_산안법_금지물질!$B:$E,4,FALSE), VLOOKUP(표1[[#This Row],[CAS No.]],[1]규제DB_산안법_금지물질!$B:$E,2,FALSE)&" : "&VLOOKUP(표1[[#This Row],[CAS No.]],[1]규제DB_산안법_금지물질!$B:$E,3,FALSE)&" 인지 확인하세요",""),"") | BG24: =IFERROR(IF(표1[[#This Row],[함량(W%)]]>=VLOOKUP(표1[[#This Row],[CAS No.]],[1]규제DB_산안법_허가물질!$B:$E,4,FALSE), "제품 허가물질",""),"") | BH24: =IFERROR(IF(표1[[#This Row],[함량(W%)]]>=VLOOKUP(표1[[#This Row],[CAS No.]], [1]규제DB_산안법_특별관리물질!$B:$E,4,FALSE), "제품 특별관리물질",""),"") | BI24: =IFERROR(IF(표1[[#This Row],[함량(W%)]]>=VLOOKUP(표1[[#This Row],[CAS No.]], [1]규제DB_산안법_관리대상유해물질!$B:$E,4,FALSE), "제품 관리대상유해물질",""),"") | BJ24: =IFERROR(IF(표1[[#This Row],[CAS No.]]=VLOOKUP(표1[[#This Row],[CAS No.]], [1]규제DB_산안법_허용기준이하물질!$B:$D,1,FALSE),"제품 허용기준이하물질",""),"") | BK24: =IFERROR(VLOOKUP(표1[[#This Row],[CAS No.]], [1]규제DB_산안법_허용기준이하물질!$B:$D,3,FALSE),"") | BM24: =IFERROR(VLOOKUP(표1[[#This Row],[CAS No.]], [1]규제DB_산안법_노출기준설정물질!$B:$K,3,FALSE),"") | BN24: =IFERROR(VLOOKUP(표1[[#This Row],[CAS No.]], [1]규제DB_산안법_노출기준설정물질!$B:$K,4,FALSE),"") | BO24: =IFERROR(VLOOKUP(표1[[#This Row],[CAS No.]], [1]규제DB_산안법_노출기준설정물질!$B:$K,5,FALSE),"") | BP24: =IFERROR(VLOOKUP(표1[[#This Row],[CAS No.]], [1]규제DB_산안법_노출기준설정물질!$B:$K,7,FALSE),"") | BQ24: =IFERROR(VLOOKUP(표1[[#This Row],[CAS No.]], [1]규제DB_산안법_노출기준설정물질!$B:$K,8,FALSE),"") | BR24: =IFERROR(VLOOKUP(표1[[#This Row],[CAS No.]], [1]규제DB_산안법_노출기준설정물질!$B:$K,9,FALSE),"") | BS24: =IFERROR(VLOOKUP(표1[[#This Row],[CAS No.]], [1]규제DB_산안법_노출기준설정물질!$B:$K,10,FALSE),"") | BT24: =IFERROR(IF(표1[[#This Row],[함량(W%)]]>=VLOOKUP(표1[[#This Row],[CAS No.]], [1]규제DB_산안법_작업환경측정대상유해인자!$B:$F,5,FALSE), "제품 작업환경측정대상유해인자",""),"") | BU24: =IFERROR(IF(표1[[#This Row],[CAS No.]]=VLOOKUP(표1[[#This Row],[CAS No.]], [1]규제DB_산안법_특수건강진단대상유해인자!$B:$C,1,FALSE), "제품 특수건강진단대상유해인자",""),"") | BV24: =IFERROR(IF(VLOOKUP(표1[[#This Row],[CAS No.]],[1]규제DB_고용노동부고시_CMR!$B:$J,3,FALSE)="구분1A", IF(표1[[#This Row],[함량(W%)]]>=VLOOKUP(표1[[#This Row],[CAS No.]],[1]규제DB_고용노동부고시_CMR!$B:$J,4,FALSE),"제품 발암성물질",""), IF(VLOOKUP(표1[[#This Row],[CAS No.]],[1]규제DB_고용노동부고시_CMR!$B:$J,3,FALSE)="구분1B", IF(표1[[#This Row],[함량(W%)]]>=VLOOKUP(표1[[#This Row],[CAS No.]],[1]규제DB_고용노동부고시_CMR!$B:$J,4,FALSE),"제품 발암성물질",""), IF(VLOOKUP(표1[[#This Row],[CAS No.]],[1]규제DB_고용노동부고시_CMR!$B:$J,3,FALSE)="구분2", IF(표1[[#This Row],[함량(W%)]]>=VLOOKUP(표1[[#This Row],[CAS No.]],[1]규제DB_고용노동부고시_CMR!$B:$J,4,FALSE),"제품 발암성물질",""),""))),"") | BW24: =IFERROR(IF(VLOOKUP(표1[[#This Row],[CAS No.]],[1]규제DB_고용노동부고시_CMR!$B:$J,5,FALSE)="구분1A", IF(표1[[#This Row],[함량(W%)]]>=VLOOKUP(표1[[#This Row],[CAS No.]],[1]규제DB_고용노동부고시_CMR!$B:$J,6,FALSE),"제품 생식세포변이원성물질",""), IF(VLOOKUP(표1[[#This Row],[CAS No.]],[1]규제DB_고용노동부고시_CMR!$B:$J,5,FALSE)="구분1B", IF(표1[[#This Row],[함량(W%)]]>=VLOOKUP(표1[[#This Row],[CAS No.]],[1]규제DB_고용노동부고시_CMR!$B:$J,6,FALSE),"제품 생식세포변이원성물질",""), IF(VLOOKUP(표1[[#This Row],[CAS No.]],[1]규제DB_고용노동부고시_CMR!$B:$J,5,FALSE)="구분2", IF(표1[[#This Row],[함량(W%)]]>=VLOOKUP(표1[[#This Row],[CAS No.]],[1]규제DB_고용노동부고시_CMR!$B:$J,6,FALSE),"제품 생식세포변이원성물질",""),""))),"") | BX24: =IFERROR(IF(VLOOKUP(표1[[#This Row],[CAS No.]],[1]규제DB_고용노동부고시_CMR!$B:$J,7,FALSE)="구분1A", IF(표1[[#This Row],[함량(W%)]]>=VLOOKUP(표1[[#This Row],[CAS No.]],[1]규제DB_고용노동부고시_CMR!$B:$J,8,FALSE),"제품 생식독성물질",""), IF(VLOOKUP(표1[[#This Row],[CAS No.]],[1]규제DB_고용노동부고시_CMR!$B:$J,7,FALSE)="구분1B", IF(표1[[#This Row],[함량(W%)]]>=VLOOKUP(표1[[#This Row],[CAS No.]],[1]규제DB_고용노동부고시_CMR!$B:$J,8,FALSE),"제품 생식독성물질",""), IF(VLOOKUP(표1[[#This Row],[CAS No.]],[1]규제DB_고용노동부고시_CMR!$B:$J,7,FALSE)="구분2", IF(표1[[#This Row],[함량(W%)]]>=VLOOKUP(표1[[#This Row],[CAS No.]],[1]규제DB_고용노동부고시_CMR!$B:$J,8,FALSE),"제품 생식독성물질",""),""))),"") | BY24: =IFERROR(VLOOKUP(표1[[#This Row],[CAS No.]],[1]규제DB_위험물안전관리법_위험물!$B:$F,3,FALSE),"") | BZ24: =IFERROR(IF(표1[[#This Row],[CAS No.]]=VLOOKUP(표1[[#This Row],[CAS No.]],[1]규제DB_고압법_독성가스!$B:$D,1,FALSE),"독성가스",""),"") | CA24: =IFERROR(IF(표1[[#This Row],[CAS No.]]=VLOOKUP(표1[[#This Row],[CAS No.]],[1]규제DB_고압법_가연성가스!$B:$D,1,FALSE),"가연성가스",""),"") | CB24: =IFERROR(IF(표1[[#This Row],[CAS No.]]=VLOOKUP(표1[[#This Row],[CAS No.]],[1]규제DB_고압법_특수고압가스!$B:$D,1,FALSE),"특수고압가스",""),"") | CC24: =IFERROR(IF(표1[[#This Row],[CAS No.]]=VLOOKUP(표1[[#This Row],[CAS No.]],[1]규제DB_고압법_특정고압가스!$B:$D,1,FALSE),"특정고압가스",""),"") | CD24: =IFERROR(IF(표1[[#This Row],[함량(W%)]]>=VLOOKUP(표1[[#This Row],[CAS No.]],[1]규제DB_화관법_개별취급기준!$B:$G,5,FALSE),VLOOKUP(표1[[#This Row],[CAS No.]],[1]규제DB_화관법_개별취급기준!$B:$G,6,FALSE),""),"")
A25: 24 | C25: 삼화당피앤티 | E25: NEW BEST ONE SW-QS | F25: 내자 | G25: O | H25: 윤전 | I25: 인쇄 | J25: 한국특수잉크공업 | K25: 한국특수잉크공업 | M25: 원부자재 | N25: 옵셋 윤전 인쇄용 | O25: 혼합물 | P25: 액체 | Q25: 18 | R25: 18 | U25: 18 | V25: 18 | W25: =표1[[#This Row],[자재코드]]&"_"&표1[[#This Row],[자재명]]&"_"&표1[[#This Row],[공급업체명]] -> _NEW BEST ONE SW-QS_한국특수잉크공업 | X25: 수소처리된 경질 파라핀 정제유 (석유)(DISTILLATES (PETROLEUM), HYDROTREATED LIGHT PARAFFINIC) | AB25: 15 | AC25: 첨가제 | AD25: X | AE25: O | AF25: O | AH25: 64742-55-8 | AI25: =IFERROR(표1[[#This Row],[사용량(kg)]]*표1[[#This Row],[함량(W%)]]/100,"") -> 2.7 | AR25: =IFERROR(IF(표1[[#This Row],[함량(W%)]]>=VLOOKUP(표1[[#This Row],[CAS No.]],[1]규제DB_유해법_유독물!B:F,5,FALSE),"유독물질 제품",""),"") | AS25: =IFERROR(VLOOKUP(표1[[#This Row],[CAS No.]],[1]규제DB_유해법_금지물질!B:G,3,FALSE),"") | AT25: =IFERROR(VLOOKUP(표1[[#This Row],[CAS No.]],[1]규제DB_유해법_금지물질!B:G,4,FALSE)&" 인지 확인하세요","") | AU25: =IFERROR(VLOOKUP(표1[[#This Row],[CAS No.]],[1]규제DB_유해법_제한물질!B:G,3,FALSE),"") | AV25: =IFERROR(IF(표1[[#This Row],[함량(W%)]]>=VLOOKUP(표1[[#This Row],[CAS No.]],[1]규제DB_유해법_제한물질!$B:$G,5,FALSE),"제한 제품",""),"") | AW25: =IFERROR(VLOOKUP(표1[[#This Row],[CAS No.]],[1]규제DB_유해법_사고대비물질!B:J,2,FALSE),"") | AX25: =IFERROR(IF(표1[[#This Row],[함량(W%)]]>=VLOOKUP(표1[[#This Row],[CAS No.]],[1]규제DB_유해법_사고대비물질!$B:$J,4,FALSE),"사고대비물질 제품",""),"") | AY25: =IFERROR(VLOOKUP(표1[[#This Row],[CAS No.]],[1]규제DB_유해법_사고대비물질!$B:$J,5,FALSE),"") | AZ25: =IFERROR(VLOOKUP(표1[[#This Row],[CAS No.]],[1]규제DB_유해법_사고대비물질!$B:$J,6,FALSE),"") | BA25: =IFERROR(IF(표1[[#This Row],[함량(W%)]]>=VLOOKUP(표1[[#This Row],[CAS No.]],[1]규제DB_유해법_사고대비물질!$B:$J,4,FALSE),VLOOKUP(표1[[#This Row],[CAS No.]],[1]규제DB_유해법_사고대비물질!$B$2:$J$70,7,FALSE),""),"") | BB25: =IFERROR(IF(표1[[#This Row],[함량(W%)]]>=VLOOKUP(표1[[#This Row],[CAS No.]],[1]규제DB_유해법_사고대비물질!$B:$J,4,FALSE),VLOOKUP(표1[[#This Row],[CAS No.]],[1]규제DB_유해법_사고대비물질!$B$2:$J$70,8,FALSE),""),"") | BC25: =IFERROR(IF(표1[[#This Row],[함량(W%)]]>=VLOOKUP(표1[[#This Row],[CAS No.]],[1]규제DB_유해법_사고대비물질!$B:$J,4,FALSE),VLOOKUP(표1[[#This Row],[CAS No.]],[1]규제DB_유해법_사고대비물질!$B$2:$J$70,9,FALSE),""),"") | BD25: =IFERROR(IF(표1[[#This Row],[함량(W%)]]>=VLOOKUP(표1[[#This Row],[CAS No.]],'[1]규제DB_유해법_배출량조사 I'!$B:$D,3,FALSE),IF(VLOOKUP(표1[[#This Row],[CAS No.]],[1]기초자료!$A:$C,3,FALSE)>=1000,"배출량조사 I 물질",""),""),"") | BF25: =IFERROR(IF(표1[[#This Row],[함량(W%)]]>=VLOOKUP(표1[[#This Row],[CAS No.]],[1]규제DB_산안법_금지물질!$B:$E,4,FALSE), VLOOKUP(표1[[#This Row],[CAS No.]],[1]규제DB_산안법_금지물질!$B:$E,2,FALSE)&" : "&VLOOKUP(표1[[#This Row],[CAS No.]],[1]규제DB_산안법_금지물질!$B:$E,3,FALSE)&" 인지 확인하세요",""),"") | BG25: =IFERROR(IF(표1[[#This Row],[함량(W%)]]>=VLOOKUP(표1[[#This Row],[CAS No.]],[1]규제DB_산안법_허가물질!$B:$E,4,FALSE), "제품 허가물질",""),"") | BH25: =IFERROR(IF(표1[[#This Row],[함량(W%)]]>=VLOOKUP(표1[[#This Row],[CAS No.]], [1]규제DB_산안법_특별관리물질!$B:$E,4,FALSE), "제품 특별관리물질",""),"") | BI25: =IFERROR(IF(표1[[#This Row],[함량(W%)]]>=VLOOKUP(표1[[#This Row],[CAS No.]], [1]규제DB_산안법_관리대상유해물질!$B:$E,4,FALSE), "제품 관리대상유해물질",""),"") | BJ25: =IFERROR(IF(표1[[#This Row],[CAS No.]]=VLOOKUP(표1[[#This Row],[CAS No.]], [1]규제DB_산안법_허용기준이하물질!$B:$D,1,FALSE),"제품 허용기준이하물질",""),"") | BK25: =IFERROR(VLOOKUP(표1[[#This Row],[CAS No.]], [1]규제DB_산안법_허용기준이하물질!$B:$D,3,FALSE),"") | BM25: =IFERROR(VLOOKUP(표1[[#This Row],[CAS No.]], [1]규제DB_산안법_노출기준설정물질!$B:$K,3,FALSE),"") | BN25: =IFERROR(VLOOKUP(표1[[#This Row],[CAS No.]], [1]규제DB_산안법_노출기준설정물질!$B:$K,4,FALSE),"") | BO25: =IFERROR(VLOOKUP(표1[[#This Row],[CAS No.]], [1]규제DB_산안법_노출기준설정물질!$B:$K,5,FALSE),"") | BP25: =IFERROR(VLOOKUP(표1[[#This Row],[CAS No.]], [1]규제DB_산안법_노출기준설정물질!$B:$K,7,FALSE),"") | BQ25: =IFERROR(VLOOKUP(표1[[#This Row],[CAS No.]], [1]규제DB_산안법_노출기준설정물질!$B:$K,8,FALSE),"") | BR25: =IFERROR(VLOOKUP(표1[[#This Row],[CAS No.]], [1]규제DB_산안법_노출기준설정물질!$B:$K,9,FALSE),"") | BS25: =IFERROR(VLOOKUP(표1[[#This Row],[CAS No.]], [1]규제DB_산안법_노출기준설정물질!$B:$K,10,FALSE),"") | BT25: =IFERROR(IF(표1[[#This Row],[함량(W%)]]>=VLOOKUP(표1[[#This Row],[CAS No.]], [1]규제DB_산안법_작업환경측정대상유해인자!$B:$F,5,FALSE), "제품 작업환경측정대상유해인자",""),"") | BU25: =IFERROR(IF(표1[[#This Row],[CAS No.]]=VLOOKUP(표1[[#This Row],[CAS No.]], [1]규제DB_산안법_특수건강진단대상유해인자!$B:$C,1,FALSE), "제품 특수건강진단대상유해인자",""),"") | BV25: =IFERROR(IF(VLOOKUP(표1[[#This Row],[CAS No.]],[1]규제DB_고용노동부고시_CMR!$B:$J,3,FALSE)="구분1A", IF(표1[[#This Row],[함량(W%)]]>=VLOOKUP(표1[[#This Row],[CAS No.]],[1]규제DB_고용노동부고시_CMR!$B:$J,4,FALSE),"제품 발암성물질",""), IF(VLOOKUP(표1[[#This Row],[CAS No.]],[1]규제DB_고용노동부고시_CMR!$B:$J,3,FALSE)="구분1B", IF(표1[[#This Row],[함량(W%)]]>=VLOOKUP(표1[[#This Row],[CAS No.]],[1]규제DB_고용노동부고시_CMR!$B:$J,4,FALSE),"제품 발암성물질",""), IF(VLOOKUP(표1[[#This Row],[CAS No.]],[1]규제DB_고용노동부고시_CMR!$B:$J,3,FALSE)="구분2", IF(표1[[#This Row],[함량(W%)]]>=VLOOKUP(표1[[#This Row],[CAS No.]],[1]규제DB_고용노동부고시_CMR!$B:$J,4,FALSE),"제품 발암성물질",""),""))),"") | BW25: =IFERROR(IF(VLOOKUP(표1[[#This Row],[CAS No.]],[1]규제DB_고용노동부고시_CMR!$B:$J,5,FALSE)="구분1A", IF(표1[[#This Row],[함량(W%)]]>=VLOOKUP(표1[[#This Row],[CAS No.]],[1]규제DB_고용노동부고시_CMR!$B:$J,6,FALSE),"제품 생식세포변이원성물질",""), IF(VLOOKUP(표1[[#This Row],[CAS No.]],[1]규제DB_고용노동부고시_CMR!$B:$J,5,FALSE)="구분1B", IF(표1[[#This Row],[함량(W%)]]>=VLOOKUP(표1[[#This Row],[CAS No.]],[1]규제DB_고용노동부고시_CMR!$B:$J,6,FALSE),"제품 생식세포변이원성물질",""), IF(VLOOKUP(표1[[#This Row],[CAS No.]],[1]규제DB_고용노동부고시_CMR!$B:$J,5,FALSE)="구분2", IF(표1[[#This Row],[함량(W%)]]>=VLOOKUP(표1[[#This Row],[CAS No.]],[1]규제DB_고용노동부고시_CMR!$B:$J,6,FALSE),"제품 생식세포변이원성물질",""),""))),"") | BX25: =IFERROR(IF(VLOOKUP(표1[[#This Row],[CAS No.]],[1]규제DB_고용노동부고시_CMR!$B:$J,7,FALSE)="구분1A", IF(표1[[#This Row],[함량(W%)]]>=VLOOKUP(표1[[#This Row],[CAS No.]],[1]규제DB_고용노동부고시_CMR!$B:$J,8,FALSE),"제품 생식독성물질",""), IF(VLOOKUP(표1[[#This Row],[CAS No.]],[1]규제DB_고용노동부고시_CMR!$B:$J,7,FALSE)="구분1B", IF(표1[[#This Row],[함량(W%)]]>=VLOOKUP(표1[[#This Row],[CAS No.]],[1]규제DB_고용노동부고시_CMR!$B:$J,8,FALSE),"제품 생식독성물질",""), IF(VLOOKUP(표1[[#This Row],[CAS No.]],[1]규제DB_고용노동부고시_CMR!$B:$J,7,FALSE)="구분2", IF(표1[[#This Row],[함량(W%)]]>=VLOOKUP(표1[[#This Row],[CAS No.]],[1]규제DB_고용노동부고시_CMR!$B:$J,8,FALSE),"제품 생식독성물질",""),""))),"") | BY25: =IFERROR(VLOOKUP(표1[[#This Row],[CAS No.]],[1]규제DB_위험물안전관리법_위험물!$B:$F,3,FALSE),"") | BZ25: =IFERROR(IF(표1[[#This Row],[CAS No.]]=VLOOKUP(표1[[#This Row],[CAS No.]],[1]규제DB_고압법_독성가스!$B:$D,1,FALSE),"독성가스",""),"") | CA25: =IFERROR(IF(표1[[#This Row],[CAS No.]]=VLOOKUP(표1[[#This Row],[CAS No.]],[1]규제DB_고압법_가연성가스!$B:$D,1,FALSE),"가연성가스",""),"") | CB25: =IFERROR(IF(표1[[#This Row],[CAS No.]]=VLOOKUP(표1[[#This Row],[CAS No.]],[1]규제DB_고압법_특수고압가스!$B:$D,1,FALSE),"특수고압가스",""),"") | CC25: =IFERROR(IF(표1[[#This Row],[CAS No.]]=VLOOKUP(표1[[#This Row],[CAS No.]],[1]규제DB_고압법_특정고압가스!$B:$D,1,FALSE),"특정고압가스",""),"") | CD25: =IFERROR(IF(표1[[#This Row],[함량(W%)]]>=VLOOKUP(표1[[#This Row],[CAS No.]],[1]규제DB_화관법_개별취급기준!$B:$G,5,FALSE),VLOOKUP(표1[[#This Row],[CAS No.]],[1]규제DB_화관법_개별취급기준!$B:$G,6,FALSE),""),"")
A26: 25 | C26: 삼화당피앤티 | E26: NEW BEST ONE SW-QS | F26: 내자 | G26: O | H26: 윤전 | I26: 인쇄 | J26: 한국특수잉크공업 | K26: 한국특수잉크공업 | M26: 원부자재 | N26: 옵셋 윤전 인쇄용 | O26: 혼합물 | P26: 액체 | Q26: 18 | R26: 18 | U26: 18 | V26: 18 | W26: =표1[[#This Row],[자재코드]]&"_"&표1[[#This Row],[자재명]]&"_"&표1[[#This Row],[공급업체명]] -> _NEW BEST ONE SW-QS_한국특수잉크공업 | X26: 아마씨 기름(LINSEED OIL) | AB26: 15 | AC26: 첨가제 | AD26: X | AE26: O | AF26: O | AH26: 8001-26-1 | AI26: =IFERROR(표1[[#This Row],[사용량(kg)]]*표1[[#This Row],[함량(W%)]]/100,"") -> 2.7 | AR26: =IFERROR(IF(표1[[#This Row],[함량(W%)]]>=VLOOKUP(표1[[#This Row],[CAS No.]],[1]규제DB_유해법_유독물!B:F,5,FALSE),"유독물질 제품",""),"") | AS26: =IFERROR(VLOOKUP(표1[[#This Row],[CAS No.]],[1]규제DB_유해법_금지물질!B:G,3,FALSE),"") | AT26: =IFERROR(VLOOKUP(표1[[#This Row],[CAS No.]],[1]규제DB_유해법_금지물질!B:G,4,FALSE)&" 인지 확인하세요","") | AU26: =IFERROR(VLOOKUP(표1[[#This Row],[CAS No.]],[1]규제DB_유해법_제한물질!B:G,3,FALSE),"") | AV26: =IFERROR(IF(표1[[#This Row],[함량(W%)]]>=VLOOKUP(표1[[#This Row],[CAS No.]],[1]규제DB_유해법_제한물질!$B:$G,5,FALSE),"제한 제품",""),"") | AW26: =IFERROR(VLOOKUP(표1[[#This Row],[CAS No.]],[1]규제DB_유해법_사고대비물질!B:J,2,FALSE),"") | AX26: =IFERROR(IF(표1[[#This Row],[함량(W%)]]>=VLOOKUP(표1[[#This Row],[CAS No.]],[1]규제DB_유해법_사고대비물질!$B:$J,4,FALSE),"사고대비물질 제품",""),"") | AY26: =IFERROR(VLOOKUP(표1[[#This Row],[CAS No.]],[1]규제DB_유해법_사고대비물질!$B:$J,5,FALSE),"") | AZ26: =IFERROR(VLOOKUP(표1[[#This Row],[CAS No.]],[1]규제DB_유해법_사고대비물질!$B:$J,6,FALSE),"") | BA26: =IFERROR(IF(표1[[#This Row],[함량(W%)]]>=VLOOKUP(표1[[#This Row],[CAS No.]],[1]규제DB_유해법_사고대비물질!$B:$J,4,FALSE),VLOOKUP(표1[[#This Row],[CAS No.]],[1]규제DB_유해법_사고대비물질!$B$2:$J$70,7,FALSE),""),"") | BB26: =IFERROR(IF(표1[[#This Row],[함량(W%)]]>=VLOOKUP(표1[[#This Row],[CAS No.]],[1]규제DB_유해법_사고대비물질!$B:$J,4,FALSE),VLOOKUP(표1[[#This Row],[CAS No.]],[1]규제DB_유해법_사고대비물질!$B$2:$J$70,8,FALSE),""),"") | BC26: =IFERROR(IF(표1[[#This Row],[함량(W%)]]>=VLOOKUP(표1[[#This Row],[CAS No.]],[1]규제DB_유해법_사고대비물질!$B:$J,4,FALSE),VLOOKUP(표1[[#This Row],[CAS No.]],[1]규제DB_유해법_사고대비물질!$B$2:$J$70,9,FALSE),""),"") | BD26: =IFERROR(IF(표1[[#This Row],[함량(W%)]]>=VLOOKUP(표1[[#This Row],[CAS No.]],'[1]규제DB_유해법_배출량조사 I'!$B:$D,3,FALSE),IF(VLOOKUP(표1[[#This Row],[CAS No.]],[1]기초자료!$A:$C,3,FALSE)>=1000,"배출량조사 I 물질",""),""),"") | BF26: =IFERROR(IF(표1[[#This Row],[함량(W%)]]>=VLOOKUP(표1[[#This Row],[CAS No.]],[1]규제DB_산안법_금지물질!$B:$E,4,FALSE), VLOOKUP(표1[[#This Row],[CAS No.]],[1]규제DB_산안법_금지물질!$B:$E,2,FALSE)&" : "&VLOOKUP(표1[[#This Row],[CAS No.]],[1]규제DB_산안법_금지물질!$B:$E,3,FALSE)&" 인지 확인하세요",""),"") | BG26: =IFERROR(IF(표1[[#This Row],[함량(W%)]]>=VLOOKUP(표1[[#This Row],[CAS No.]],[1]규제DB_산안법_허가물질!$B:$E,4,FALSE), "제품 허가물질",""),"") | BH26: =IFERROR(IF(표1[[#This Row],[함량(W%)]]>=VLOOKUP(표1[[#This Row],[CAS No.]], [1]규제DB_산안법_특별관리물질!$B:$E,4,FALSE), "제품 특별관리물질",""),"") | BI26: =IFERROR(IF(표1[[#This Row],[함량(W%)]]>=VLOOKUP(표1[[#This Row],[CAS No.]], [1]규제DB_산안법_관리대상유해물질!$B:$E,4,FALSE), "제품 관리대상유해물질",""),"") | BJ26: =IFERROR(IF(표1[[#This Row],[CAS No.]]=VLOOKUP(표1[[#This Row],[CAS No.]], [1]규제DB_산안법_허용기준이하물질!$B:$D,1,FALSE),"제품 허용기준이하물질",""),"") | BK26: =IFERROR(VLOOKUP(표1[[#This Row],[CAS No.]], [1]규제DB_산안법_허용기준이하물질!$B:$D,3,FALSE),"") | BM26: =IFERROR(VLOOKUP(표1[[#This Row],[CAS No.]], [1]규제DB_산안법_노출기준설정물질!$B:$K,3,FALSE),"") | BN26: =IFERROR(VLOOKUP(표1[[#This Row],[CAS No.]], [1]규제DB_산안법_노출기준설정물질!$B:$K,4,FALSE),"") | BO26: =IFERROR(VLOOKUP(표1[[#This Row],[CAS No.]], [1]규제DB_산안법_노출기준설정물질!$B:$K,5,FALSE),"") | BP26: =IFERROR(VLOOKUP(표1[[#This Row],[CAS No.]], [1]규제DB_산안법_노출기준설정물질!$B:$K,7,FALSE),"") | BQ26: =IFERROR(VLOOKUP(표1[[#This Row],[CAS No.]], [1]규제DB_산안법_노출기준설정물질!$B:$K,8,FALSE),"") | BR26: =IFERROR(VLOOKUP(표1[[#This Row],[CAS No.]], [1]규제DB_산안법_노출기준설정물질!$B:$K,9,FALSE),"") | BS26: =IFERROR(VLOOKUP(표1[[#This Row],[CAS No.]], [1]규제DB_산안법_노출기준설정물질!$B:$K,10,FALSE),"") | BT26: =IFERROR(IF(표1[[#This Row],[함량(W%)]]>=VLOOKUP(표1[[#This Row],[CAS No.]], [1]규제DB_산안법_작업환경측정대상유해인자!$B:$F,5,FALSE), "제품 작업환경측정대상유해인자",""),"") | BU26: =IFERROR(IF(표1[[#This Row],[CAS No.]]=VLOOKUP(표1[[#This Row],[CAS No.]], [1]규제DB_산안법_특수건강진단대상유해인자!$B:$C,1,FALSE), "제품 특수건강진단대상유해인자",""),"") | BV26: =IFERROR(IF(VLOOKUP(표1[[#This Row],[CAS No.]],[1]규제DB_고용노동부고시_CMR!$B:$J,3,FALSE)="구분1A", IF(표1[[#This Row],[함량(W%)]]>=VLOOKUP(표1[[#This Row],[CAS No.]],[1]규제DB_고용노동부고시_CMR!$B:$J,4,FALSE),"제품 발암성물질",""), IF(VLOOKUP(표1[[#This Row],[CAS No.]],[1]규제DB_고용노동부고시_CMR!$B:$J,3,FALSE)="구분1B", IF(표1[[#This Row],[함량(W%)]]>=VLOOKUP(표1[[#This Row],[CAS No.]],[1]규제DB_고용노동부고시_CMR!$B:$J,4,FALSE),"제품 발암성물질",""), IF(VLOOKUP(표1[[#This Row],[CAS No.]],[1]규제DB_고용노동부고시_CMR!$B:$J,3,FALSE)="구분2", IF(표1[[#This Row],[함량(W%)]]>=VLOOKUP(표1[[#This Row],[CAS No.]],[1]규제DB_고용노동부고시_CMR!$B:$J,4,FALSE),"제품 발암성물질",""),""))),"") | BW26: =IFERROR(IF(VLOOKUP(표1[[#This Row],[CAS No.]],[1]규제DB_고용노동부고시_CMR!$B:$J,5,FALSE)="구분1A", IF(표1[[#This Row],[함량(W%)]]>=VLOOKUP(표1[[#This Row],[CAS No.]],[1]규제DB_고용노동부고시_CMR!$B:$J,6,FALSE),"제품 생식세포변이원성물질",""), IF(VLOOKUP(표1[[#This Row],[CAS No.]],[1]규제DB_고용노동부고시_CMR!$B:$J,5,FALSE)="구분1B", IF(표1[[#This Row],[함량(W%)]]>=VLOOKUP(표1[[#This Row],[CAS No.]],[1]규제DB_고용노동부고시_CMR!$B:$J,6,FALSE),"제품 생식세포변이원성물질",""), IF(VLOOKUP(표1[[#This Row],[CAS No.]],[1]규제DB_고용노동부고시_CMR!$B:$J,5,FALSE)="구분2", IF(표1[[#This Row],[함량(W%)]]>=VLOOKUP(표1[[#This Row],[CAS No.]],[1]규제DB_고용노동부고시_CMR!$B:$J,6,FALSE),"제품 생식세포변이원성물질",""),""))),"") | BX26: =IFERROR(IF(VLOOKUP(표1[[#This Row],[CAS No.]],[1]규제DB_고용노동부고시_CMR!$B:$J,7,FALSE)="구분1A", IF(표1[[#This Row],[함량(W%)]]>=VLOOKUP(표1[[#This Row],[CAS No.]],[1]규제DB_고용노동부고시_CMR!$B:$J,8,FALSE),"제품 생식독성물질",""), IF(VLOOKUP(표1[[#This Row],[CAS No.]],[1]규제DB_고용노동부고시_CMR!$B:$J,7,FALSE)="구분1B", IF(표1[[#This Row],[함량(W%)]]>=VLOOKUP(표1[[#This Row],[CAS No.]],[1]규제DB_고용노동부고시_CMR!$B:$J,8,FALSE),"제품 생식독성물질",""), IF(VLOOKUP(표1[[#This Row],[CAS No.]],[1]규제DB_고용노동부고시_CMR!$B:$J,7,FALSE)="구분2", IF(표1[[#This Row],[함량(W%)]]>=VLOOKUP(표1[[#This Row],[CAS No.]],[1]규제DB_고용노동부고시_CMR!$B:$J,8,FALSE),"제품 생식독성물질",""),""))),"") | BZ26: =IFERROR(IF(표1[[#This Row],[CAS No.]]=VLOOKUP(표1[[#This Row],[CAS No.]],[1]규제DB_고압법_독성가스!$B:$D,1,FALSE),"독성가스",""),"") | CA26: =IFERROR(IF(표1[[#This Row],[CAS No.]]=VLOOKUP(표1[[#This Row],[CAS No.]],[1]규제DB_고압법_가연성가스!$B:$D,1,FALSE),"가연성가스",""),"") | CB26: =IFERROR(IF(표1[[#This Row],[CAS No.]]=VLOOKUP(표1[[#This Row],[CAS No.]],[1]규제DB_고압법_특수고압가스!$B:$D,1,FALSE),"특수고압가스",""),"") | CC26: =IFERROR(IF(표1[[#This Row],[CAS No.]]=VLOOKUP(표1[[#This Row],[CAS No.]],[1]규제DB_고압법_특정고압가스!$B:$D,1,FALSE),"특정고압가스",""),"") | CD26: =IFERROR(IF(표1[[#This Row],[함량(W%)]]>=VLOOKUP(표1[[#This Row],[CAS No.]],[1]규제DB_화관법_개별취급기준!$B:$G,5,FALSE),VLOOKUP(표1[[#This Row],[CAS No.]],[1]규제DB_화관법_개별취급기준!$B:$G,6,FALSE),""),"")
A27: 26 | C27: 삼화당피앤티 | E27: NEW BEST ONE DRY | F27: 내자 | G27: O | H27: 윤전 | I27: 인쇄 | J27: 한국특수잉크공업 | K27: 한국특수잉크공업 | M27: 원부자재 | N27: 옵셋 윤전 인쇄용 | O27: 혼합물 | P27: 고체 | Q27: 18 | R27: 18 | U27: 18 | V27: 18 | W27: =표1[[#This Row],[자재코드]]&"_"&표1[[#This Row],[자재명]]&"_"&표1[[#This Row],[공급업체명]] -> _NEW BEST ONE DRY_한국특수잉크공업 | X27: 카본블랙 | AB27: 5 | AC27: 첨가제 | AD27: X | AE27: O | AF27: O | AH27: 1333-86-4 | AI27: =IFERROR(표1[[#This Row],[사용량(kg)]]*표1[[#This Row],[함량(W%)]]/100,"") -> 0.9 | AR27: =IFERROR(IF(표1[[#This Row],[함량(W%)]]>=VLOOKUP(표1[[#This Row],[CAS No.]],[1]규제DB_유해법_유독물!B:F,5,FALSE),"유독물질 제품",""),"") | AS27: =IFERROR(VLOOKUP(표1[[#This Row],[CAS No.]],[1]규제DB_유해법_금지물질!B:G,3,FALSE),"") | AT27: =IFERROR(VLOOKUP(표1[[#This Row],[CAS No.]],[1]규제DB_유해법_금지물질!B:G,4,FALSE)&" 인지 확인하세요","") | AU27: =IFERROR(VLOOKUP(표1[[#This Row],[CAS No.]],[1]규제DB_유해법_제한물질!B:G,3,FALSE),"") | AV27: =IFERROR(IF(표1[[#This Row],[함량(W%)]]>=VLOOKUP(표1[[#This Row],[CAS No.]],[1]규제DB_유해법_제한물질!$B:$G,5,FALSE),"제한 제품",""),"") | AW27: =IFERROR(VLOOKUP(표1[[#This Row],[CAS No.]],[1]규제DB_유해법_사고대비물질!B:J,2,FALSE),"") | AX27: =IFERROR(IF(표1[[#This Row],[함량(W%)]]>=VLOOKUP(표1[[#This Row],[CAS No.]],[1]규제DB_유해법_사고대비물질!$B:$J,4,FALSE),"사고대비물질 제품",""),"") | AY27: =IFERROR(VLOOKUP(표1[[#This Row],[CAS No.]],[1]규제DB_유해법_사고대비물질!$B:$J,5,FALSE),"") | AZ27: =IFERROR(VLOOKUP(표1[[#This Row],[CAS No.]],[1]규제DB_유해법_사고대비물질!$B:$J,6,FALSE),"") | BA27: =IFERROR(IF(표1[[#This Row],[함량(W%)]]>=VLOOKUP(표1[[#This Row],[CAS No.]],[1]규제DB_유해법_사고대비물질!$B:$J,4,FALSE),VLOOKUP(표1[[#This Row],[CAS No.]],[1]규제DB_유해법_사고대비물질!$B$2:$J$70,7,FALSE),""),"") | BB27: =IFERROR(IF(표1[[#This Row],[함량(W%)]]>=VLOOKUP(표1[[#This Row],[CAS No.]],[1]규제DB_유해법_사고대비물질!$B:$J,4,FALSE),VLOOKUP(표1[[#This Row],[CAS No.]],[1]규제DB_유해법_사고대비물질!$B$2:$J$70,8,FALSE),""),"") | BC27: =IFERROR(IF(표1[[#This Row],[함량(W%)]]>=VLOOKUP(표1[[#This Row],[CAS No.]],[1]규제DB_유해법_사고대비물질!$B:$J,4,FALSE),VLOOKUP(표1[[#This Row],[CAS No.]],[1]규제DB_유해법_사고대비물질!$B$2:$J$70,9,FALSE),""),"") | BD27: =IFERROR(IF(표1[[#This Row],[함량(W%)]]>=VLOOKUP(표1[[#This Row],[CAS No.]],'[1]규제DB_유해법_배출량조사 I'!$B:$D,3,FALSE),IF(VLOOKUP(표1[[#This Row],[CAS No.]],[1]기초자료!$A:$C,3,FALSE)>=1000,"배출량조사 I 물질",""),""),"") | BF27: =IFERROR(IF(표1[[#This Row],[함량(W%)]]>=VLOOKUP(표1[[#This Row],[CAS No.]],[1]규제DB_산안법_금지물질!$B:$E,4,FALSE), VLOOKUP(표1[[#This Row],[CAS No.]],[1]규제DB_산안법_금지물질!$B:$E,2,FALSE)&" : "&VLOOKUP(표1[[#This Row],[CAS No.]],[1]규제DB_산안법_금지물질!$B:$E,3,FALSE)&" 인지 확인하세요",""),"") | BG27: =IFERROR(IF(표1[[#This Row],[함량(W%)]]>=VLOOKUP(표1[[#This Row],[CAS No.]],[1]규제DB_산안법_허가물질!$B:$E,4,FALSE), "제품 허가물질",""),"") | BH27: =IFERROR(IF(표1[[#This Row],[함량(W%)]]>=VLOOKUP(표1[[#This Row],[CAS No.]], [1]규제DB_산안법_특별관리물질!$B:$E,4,FALSE), "제품 특별관리물질",""),"") | BI27: =IFERROR(IF(표1[[#This Row],[함량(W%)]]>=VLOOKUP(표1[[#This Row],[CAS No.]], [1]규제DB_산안법_관리대상유해물질!$B:$E,4,FALSE), "제품 관리대상유해물질",""),"") | BJ27: =IFERROR(IF(표1[[#This Row],[CAS No.]]=VLOOKUP(표1[[#This Row],[CAS No.]], [1]규제DB_산안법_허용기준이하물질!$B:$D,1,FALSE),"제품 허용기준이하물질",""),"") | BK27: =IFERROR(VLOOKUP(표1[[#This Row],[CAS No.]], [1]규제DB_산안법_허용기준이하물질!$B:$D,3,FALSE),"") | BM27: =IFERROR(VLOOKUP(표1[[#This Row],[CAS No.]], [1]규제DB_산안법_노출기준설정물질!$B:$K,3,FALSE),"") | BO27: =IFERROR(VLOOKUP(표1[[#This Row],[CAS No.]], [1]규제DB_산안법_노출기준설정물질!$B:$K,5,FALSE),"") | BP27: =IFERROR(VLOOKUP(표1[[#This Row],[CAS No.]], [1]규제DB_산안법_노출기준설정물질!$B:$K,7,FALSE),"") | BQ27: =IFERROR(VLOOKUP(표1[[#This Row],[CAS No.]], [1]규제DB_산안법_노출기준설정물질!$B:$K,8,FALSE),"") | BR27: =IFERROR(VLOOKUP(표1[[#This Row],[CAS No.]], [1]규제DB_산안법_노출기준설정물질!$B:$K,9,FALSE),"") | BS27: =IFERROR(VLOOKUP(표1[[#This Row],[CAS No.]], [1]규제DB_산안법_노출기준설정물질!$B:$K,10,FALSE),"") | BT27: =IFERROR(IF(표1[[#This Row],[함량(W%)]]>=VLOOKUP(표1[[#This Row],[CAS No.]], [1]규제DB_산안법_작업환경측정대상유해인자!$B:$F,5,FALSE), "제품 작업환경측정대상유해인자",""),"") | BU27: =IFERROR(IF(표1[[#This Row],[CAS No.]]=VLOOKUP(표1[[#This Row],[CAS No.]], [1]규제DB_산안법_특수건강진단대상유해인자!$B:$C,1,FALSE), "제품 특수건강진단대상유해인자",""),"") | BW27: =IFERROR(IF(VLOOKUP(표1[[#This Row],[CAS No.]],[1]규제DB_고용노동부고시_CMR!$B:$J,5,FALSE)="구분1A", IF(표1[[#This Row],[함량(W%)]]>=VLOOKUP(표1[[#This Row],[CAS No.]],[1]규제DB_고용노동부고시_CMR!$B:$J,6,FALSE),"제품 생식세포변이원성물질",""), IF(VLOOKUP(표1[[#This Row],[CAS No.]],[1]규제DB_고용노동부고시_CMR!$B:$J,5,FALSE)="구분1B", IF(표1[[#This Row],[함량(W%)]]>=VLOOKUP(표1[[#This Row],[CAS No.]],[1]규제DB_고용노동부고시_CMR!$B:$J,6,FALSE),"제품 생식세포변이원성물질",""), IF(VLOOKUP(표1[[#This Row],[CAS No.]],[1]규제DB_고용노동부고시_CMR!$B:$J,5,FALSE)="구분2", IF(표1[[#This Row],[함량(W%)]]>=VLOOKUP(표1[[#This Row],[CAS No.]],[1]규제DB_고용노동부고시_CMR!$B:$J,6,FALSE),"제품 생식세포변이원성물질",""),""))),"") | BX27: =IFERROR(IF(VLOOKUP(표1[[#This Row],[CAS No.]],[1]규제DB_고용노동부고시_CMR!$B:$J,7,FALSE)="구분1A", IF(표1[[#This Row],[함량(W%)]]>=VLOOKUP(표1[[#This Row],[CAS No.]],[1]규제DB_고용노동부고시_CMR!$B:$J,8,FALSE),"제품 생식독성물질",""), IF(VLOOKUP(표1[[#This Row],[CAS No.]],[1]규제DB_고용노동부고시_CMR!$B:$J,7,FALSE)="구분1B", IF(표1[[#This Row],[함량(W%)]]>=VLOOKUP(표1[[#This Row],[CAS No.]],[1]규제DB_고용노동부고시_CMR!$B:$J,8,FALSE),"제품 생식독성물질",""), IF(VLOOKUP(표1[[#This Row],[CAS No.]],[1]규제DB_고용노동부고시_CMR!$B:$J,7,FALSE)="구분2", IF(표1[[#This Row],[함량(W%)]]>=VLOOKUP(표1[[#This Row],[CAS No.]],[1]규제DB_고용노동부고시_CMR!$B:$J,8,FALSE),"제품 생식독성물질",""),""))),"") | BZ27: =IFERROR(IF(표1[[#This Row],[CAS No.]]=VLOOKUP(표1[[#This Row],[CAS No.]],[1]규제DB_고압법_독성가스!$B:$D,1,FALSE),"독성가스",""),"") | CA27: =IFERROR(IF(표1[[#This Row],[CAS No.]]=VLOOKUP(표1[[#This Row],[CAS No.]],[1]규제DB_고압법_가연성가스!$B:$D,1,FALSE),"가연성가스",""),"") | CB27: =IFERROR(IF(표1[[#This Row],[CAS No.]]=VLOOKUP(표1[[#This Row],[CAS No.]],[1]규제DB_고압법_특수고압가스!$B:$D,1,FALSE),"특수고압가스",""),"") | CC27: =IFERROR(IF(표1[[#This Row],[CAS No.]]=VLOOKUP(표1[[#This Row],[CAS No.]],[1]규제DB_고압법_특정고압가스!$B:$D,1,FALSE),"특정고압가스",""),"") | CD27: =IFERROR(IF(표1[[#This Row],[함량(W%)]]>=VLOOKUP(표1[[#This Row],[CAS No.]],[1]규제DB_화관법_개별취급기준!$B:$G,5,FALSE),VLOOKUP(표1[[#This Row],[CAS No.]],[1]규제DB_화관법_개별취급기준!$B:$G,6,FALSE),""),"")
A28: 27 | C28: 삼화당피앤티 | E28: NEW BEST ONE DRY | F28: 내자 | G28: O | H28: 윤전 | I28: 인쇄 | J28: 한국특수잉크공업 | K28: 한국특수잉크공업 | M28: 원부자재 | N28: 옵셋 윤전 인쇄용 | O28: 혼합물 | P28: 고체 | Q28: 18 | R28: 18 | U28: 18 | V28: 18 | W28: =표1[[#This Row],[자재코드]]&"_"&표1[[#This Row],[자재명]]&"_"&표1[[#This Row],[공급업체명]] -> _NEW BEST ONE DRY_한국특수잉크공업 | X28: 구리 프탈로시아닌 | AB28: 5 | AC28: 첨가제 | AD28: X | AE28: O | AF28: O | AH28: 147-14-8 | AI28: =IFERROR(표1[[#This Row],[사용량(kg)]]*표1[[#This Row],[함량(W%)]]/100,"") -> 0.9 | AR28: =IFERROR(IF(표1[[#This Row],[함량(W%)]]>=VLOOKUP(표1[[#This Row],[CAS No.]],[1]규제DB_유해법_유독물!B:F,5,FALSE),"유독물질 제품",""),"") | AS28: =IFERROR(VLOOKUP(표1[[#This Row],[CAS No.]],[1]규제DB_유해법_금지물질!B:G,3,FALSE),"") | AT28: =IFERROR(VLOOKUP(표1[[#This Row],[CAS No.]],[1]규제DB_유해법_금지물질!B:G,4,FALSE)&" 인지 확인하세요","") | AU28: =IFERROR(VLOOKUP(표1[[#This Row],[CAS No.]],[1]규제DB_유해법_제한물질!B:G,3,FALSE),"") | AV28: =IFERROR(IF(표1[[#This Row],[함량(W%)]]>=VLOOKUP(표1[[#This Row],[CAS No.]],[1]규제DB_유해법_제한물질!$B:$G,5,FALSE),"제한 제품",""),"") | AW28: =IFERROR(VLOOKUP(표1[[#This Row],[CAS No.]],[1]규제DB_유해법_사고대비물질!B:J,2,FALSE),"") | AX28: =IFERROR(IF(표1[[#This Row],[함량(W%)]]>=VLOOKUP(표1[[#This Row],[CAS No.]],[1]규제DB_유해법_사고대비물질!$B:$J,4,FALSE),"사고대비물질 제품",""),"") | AY28: =IFERROR(VLOOKUP(표1[[#This Row],[CAS No.]],[1]규제DB_유해법_사고대비물질!$B:$J,5,FALSE),"") | AZ28: =IFERROR(VLOOKUP(표1[[#This Row],[CAS No.]],[1]규제DB_유해법_사고대비물질!$B:$J,6,FALSE),"") | BA28: =IFERROR(IF(표1[[#This Row],[함량(W%)]]>=VLOOKUP(표1[[#This Row],[CAS No.]],[1]규제DB_유해법_사고대비물질!$B:$J,4,FALSE),VLOOKUP(표1[[#This Row],[CAS No.]],[1]규제DB_유해법_사고대비물질!$B$2:$J$70,7,FALSE),""),"") | BB28: =IFERROR(IF(표1[[#This Row],[함량(W%)]]>=VLOOKUP(표1[[#This Row],[CAS No.]],[1]규제DB_유해법_사고대비물질!$B:$J,4,FALSE),VLOOKUP(표1[[#This Row],[CAS No.]],[1]규제DB_유해법_사고대비물질!$B$2:$J$70,8,FALSE),""),"") | BC28: =IFERROR(IF(표1[[#This Row],[함량(W%)]]>=VLOOKUP(표1[[#This Row],[CAS No.]],[1]규제DB_유해법_사고대비물질!$B:$J,4,FALSE),VLOOKUP(표1[[#This Row],[CAS No.]],[1]규제DB_유해법_사고대비물질!$B$2:$J$70,9,FALSE),""),"") | BD28: =IFERROR(IF(표1[[#This Row],[함량(W%)]]>=VLOOKUP(표1[[#This Row],[CAS No.]],'[1]규제DB_유해법_배출량조사 I'!$B:$D,3,FALSE),IF(VLOOKUP(표1[[#This Row],[CAS No.]],[1]기초자료!$A:$C,3,FALSE)>=1000,"배출량조사 I 물질",""),""),"") | BF28: =IFERROR(IF(표1[[#This Row],[함량(W%)]]>=VLOOKUP(표1[[#This Row],[CAS No.]],[1]규제DB_산안법_금지물질!$B:$E,4,FALSE), VLOOKUP(표1[[#This Row],[CAS No.]],[1]규제DB_산안법_금지물질!$B:$E,2,FALSE)&" : "&VLOOKUP(표1[[#This Row],[CAS No.]],[1]규제DB_산안법_금지물질!$B:$E,3,FALSE)&" 인지 확인하세요",""),"") | BG28: =IFERROR(IF(표1[[#This Row],[함량(W%)]]>=VLOOKUP(표1[[#This Row],[CAS No.]],[1]규제DB_산안법_허가물질!$B:$E,4,FALSE), "제품 허가물질",""),"") | BH28: =IFERROR(IF(표1[[#This Row],[함량(W%)]]>=VLOOKUP(표1[[#This Row],[CAS No.]], [1]규제DB_산안법_특별관리물질!$B:$E,4,FALSE), "제품 특별관리물질",""),"") | BI28: =IFERROR(IF(표1[[#This Row],[함량(W%)]]>=VLOOKUP(표1[[#This Row],[CAS No.]], [1]규제DB_산안법_관리대상유해물질!$B:$E,4,FALSE), "제품 관리대상유해물질",""),"") | BJ28: =IFERROR(IF(표1[[#This Row],[CAS No.]]=VLOOKUP(표1[[#This Row],[CAS No.]], [1]규제DB_산안법_허용기준이하물질!$B:$D,1,FALSE),"제품 허용기준이하물질",""),"") | BK28: =IFERROR(VLOOKUP(표1[[#This Row],[CAS No.]], [1]규제DB_산안법_허용기준이하물질!$B:$D,3,FALSE),"") | BM28: =IFERROR(VLOOKUP(표1[[#This Row],[CAS No.]], [1]규제DB_산안법_노출기준설정물질!$B:$K,3,FALSE),"") | BN28: =IFERROR(VLOOKUP(표1[[#This Row],[CAS No.]], [1]규제DB_산안법_노출기준설정물질!$B:$K,4,FALSE),"") | BO28: =IFERROR(VLOOKUP(표1[[#This Row],[CAS No.]], [1]규제DB_산안법_노출기준설정물질!$B:$K,5,FALSE),"") | BP28: =IFERROR(VLOOKUP(표1[[#This Row],[CAS No.]], [1]규제DB_산안법_노출기준설정물질!$B:$K,7,FALSE),"") | BQ28: =IFERROR(VLOOKUP(표1[[#This Row],[CAS No.]], [1]규제DB_산안법_노출기준설정물질!$B:$K,8,FALSE),"") | BR28: =IFERROR(VLOOKUP(표1[[#This Row],[CAS No.]], [1]규제DB_산안법_노출기준설정물질!$B:$K,9,FALSE),"") | BS28: =IFERROR(VLOOKUP(표1[[#This Row],[CAS No.]], [1]규제DB_산안법_노출기준설정물질!$B:$K,10,FALSE),"") | BT28: =IFERROR(IF(표1[[#This Row],[함량(W%)]]>=VLOOKUP(표1[[#This Row],[CAS No.]], [1]규제DB_산안법_작업환경측정대상유해인자!$B:$F,5,FALSE), "제품 작업환경측정대상유해인자",""),"") | BU28: =IFERROR(IF(표1[[#This Row],[CAS No.]]=VLOOKUP(표1[[#This Row],[CAS No.]], [1]규제DB_산안법_특수건강진단대상유해인자!$B:$C,1,FALSE), "제품 특수건강진단대상유해인자",""),"") | BV28: =IFERROR(IF(VLOOKUP(표1[[#This Row],[CAS No.]],[1]규제DB_고용노동부고시_CMR!$B:$J,3,FALSE)="구분1A", IF(표1[[#This Row],[함량(W%)]]>=VLOOKUP(표1[[#This Row],[CAS No.]],[1]규제DB_고용노동부고시_CMR!$B:$J,4,FALSE),"제품 발암성물질",""), IF(VLOOKUP(표1[[#This Row],[CAS No.]],[1]규제DB_고용노동부고시_CMR!$B:$J,3,FALSE)="구분1B", IF(표1[[#This Row],[함량(W%)]]>=VLOOKUP(표1[[#This Row],[CAS No.]],[1]규제DB_고용노동부고시_CMR!$B:$J,4,FALSE),"제품 발암성물질",""), IF(VLOOKUP(표1[[#This Row],[CAS No.]],[1]규제DB_고용노동부고시_CMR!$B:$J,3,FALSE)="구분2", IF(표1[[#This Row],[함량(W%)]]>=VLOOKUP(표1[[#This Row],[CAS No.]],[1]규제DB_고용노동부고시_CMR!$B:$J,4,FALSE),"제품 발암성물질",""),""))),"") | BW28: =IFERROR(IF(VLOOKUP(표1[[#This Row],[CAS No.]],[1]규제DB_고용노동부고시_CMR!$B:$J,5,FALSE)="구분1A", IF(표1[[#This Row],[함량(W%)]]>=VLOOKUP(표1[[#This Row],[CAS No.]],[1]규제DB_고용노동부고시_CMR!$B:$J,6,FALSE),"제품 생식세포변이원성물질",""), IF(VLOOKUP(표1[[#This Row],[CAS No.]],[1]규제DB_고용노동부고시_CMR!$B:$J,5,FALSE)="구분1B", IF(표1[[#This Row],[함량(W%)]]>=VLOOKUP(표1[[#This Row],[CAS No.]],[1]규제DB_고용노동부고시_CMR!$B:$J,6,FALSE),"제품 생식세포변이원성물질",""), IF(VLOOKUP(표1[[#This Row],[CAS No.]],[1]규제DB_고용노동부고시_CMR!$B:$J,5,FALSE)="구분2", IF(표1[[#This Row],[함량(W%)]]>=VLOOKUP(표1[[#This Row],[CAS No.]],[1]규제DB_고용노동부고시_CMR!$B:$J,6,FALSE),"제품 생식세포변이원성물질",""),""))),"") | BX28: =IFERROR(IF(VLOOKUP(표1[[#This Row],[CAS No.]],[1]규제DB_고용노동부고시_CMR!$B:$J,7,FALSE)="구분1A", IF(표1[[#This Row],[함량(W%)]]>=VLOOKUP(표1[[#This Row],[CAS No.]],[1]규제DB_고용노동부고시_CMR!$B:$J,8,FALSE),"제품 생식독성물질",""), IF(VLOOKUP(표1[[#This Row],[CAS No.]],[1]규제DB_고용노동부고시_CMR!$B:$J,7,FALSE)="구분1B", IF(표1[[#This Row],[함량(W%)]]>=VLOOKUP(표1[[#This Row],[CAS No.]],[1]규제DB_고용노동부고시_CMR!$B:$J,8,FALSE),"제품 생식독성물질",""), IF(VLOOKUP(표1[[#This Row],[CAS No.]],[1]규제DB_고용노동부고시_CMR!$B:$J,7,FALSE)="구분2", IF(표1[[#This Row],[함량(W%)]]>=VLOOKUP(표1[[#This Row],[CAS No.]],[1]규제DB_고용노동부고시_CMR!$B:$J,8,FALSE),"제품 생식독성물질",""),""))),"") | BZ28: =IFERROR(IF(표1[[#This Row],[CAS No.]]=VLOOKUP(표1[[#This Row],[CAS No.]],[1]규제DB_고압법_독성가스!$B:$D,1,FALSE),"독성가스",""),"") | CA28: =IFERROR(IF(표1[[#This Row],[CAS No.]]=VLOOKUP(표1[[#This Row],[CAS No.]],[1]규제DB_고압법_가연성가스!$B:$D,1,FALSE),"가연성가스",""),"") | CB28: =IFERROR(IF(표1[[#This Row],[CAS No.]]=VLOOKUP(표1[[#This Row],[CAS No.]],[1]규제DB_고압법_특수고압가스!$B:$D,1,FALSE),"특수고압가스",""),"") | CC28: =IFERROR(IF(표1[[#This Row],[CAS No.]]=VLOOKUP(표1[[#This Row],[CAS No.]],[1]규제DB_고압법_특정고압가스!$B:$D,1,FALSE),"특정고압가스",""),"") | CD28: =IFERROR(IF(표1[[#This Row],[함량(W%)]]>=VLOOKUP(표1[[#This Row],[CAS No.]],[1]규제DB_화관법_개별취급기준!$B:$G,5,FALSE),VLOOKUP(표1[[#This Row],[CAS No.]],[1]규제DB_화관법_개별취급기준!$B:$G,6,FALSE),""),"")
A29: 28 | C29: 삼화당피앤티 | E29: NEW BEST ONE DRY | F29: 내자 | G29: O | H29: 윤전 | I29: 인쇄 | J29: 한국특수잉크공업 | K29: 한국특수잉크공업 | M29: 원부자재 | N29: 옵셋 윤전 인쇄용 | O29: 혼합물 | P29: 고체 | Q29: 18 | R29: 18 | U29: 18 | V29: 18 | W29: =표1[[#This Row],[자재코드]]&"_"&표1[[#This Row],[자재명]]&"_"&표1[[#This Row],[공급업체명]] -> _NEW BEST ONE DRY_한국특수잉크공업 | X29: C.I. 색소 적색 57 칼슘 염(C.I. PIGMENT RED 57 CALCIUM SALT) | AB29: 5 | AC29: 첨가제 | AD29: X | AE29: O | AF29: O | AH29: 1234986 | AI29: =IFERROR(표1[[#This Row],[사용량(kg)]]*표1[[#This Row],[함량(W%)]]/100,"") -> 0.9 | AR29: =IFERROR(IF(표1[[#This Row],[함량(W%)]]>=VLOOKUP(표1[[#This Row],[CAS No.]],[1]규제DB_유해법_유독물!B:F,5,FALSE),"유독물질 제품",""),"") | AS29: =IFERROR(VLOOKUP(표1[[#This Row],[CAS No.]],[1]규제DB_유해법_금지물질!B:G,3,FALSE),"") | AT29: =IFERROR(VLOOKUP(표1[[#This Row],[CAS No.]],[1]규제DB_유해법_금지물질!B:G,4,FALSE)&" 인지 확인하세요","") | AU29: =IFERROR(VLOOKUP(표1[[#This Row],[CAS No.]],[1]규제DB_유해법_제한물질!B:G,3,FALSE),"") | AV29: =IFERROR(IF(표1[[#This Row],[함량(W%)]]>=VLOOKUP(표1[[#This Row],[CAS No.]],[1]규제DB_유해법_제한물질!$B:$G,5,FALSE),"제한 제품",""),"") | AW29: =IFERROR(VLOOKUP(표1[[#This Row],[CAS No.]],[1]규제DB_유해법_사고대비물질!B:J,2,FALSE),"") | AX29: =IFERROR(IF(표1[[#This Row],[함량(W%)]]>=VLOOKUP(표1[[#This Row],[CAS No.]],[1]규제DB_유해법_사고대비물질!$B:$J,4,FALSE),"사고대비물질 제품",""),"") | AY29: =IFERROR(VLOOKUP(표1[[#This Row],[CAS No.]],[1]규제DB_유해법_사고대비물질!$B:$J,5,FALSE),"") | AZ29: =IFERROR(VLOOKUP(표1[[#This Row],[CAS No.]],[1]규제DB_유해법_사고대비물질!$B:$J,6,FALSE),"") | BA29: =IFERROR(IF(표1[[#This Row],[함량(W%)]]>=VLOOKUP(표1[[#This Row],[CAS No.]],[1]규제DB_유해법_사고대비물질!$B:$J,4,FALSE),VLOOKUP(표1[[#This Row],[CAS No.]],[1]규제DB_유해법_사고대비물질!$B$2:$J$70,7,FALSE),""),"") | BB29: =IFERROR(IF(표1[[#This Row],[함량(W%)]]>=VLOOKUP(표1[[#This Row],[CAS No.]],[1]규제DB_유해법_사고대비물질!$B:$J,4,FALSE),VLOOKUP(표1[[#This Row],[CAS No.]],[1]규제DB_유해법_사고대비물질!$B$2:$J$70,8,FALSE),""),"") | BC29: =IFERROR(IF(표1[[#This Row],[함량(W%)]]>=VLOOKUP(표1[[#This Row],[CAS No.]],[1]규제DB_유해법_사고대비물질!$B:$J,4,FALSE),VLOOKUP(표1[[#This Row],[CAS No.]],[1]규제DB_유해법_사고대비물질!$B$2:$J$70,9,FALSE),""),"") | BD29: =IFERROR(IF(표1[[#This Row],[함량(W%)]]>=VLOOKUP(표1[[#This Row],[CAS No.]],'[1]규제DB_유해법_배출량조사 I'!$B:$D,3,FALSE),IF(VLOOKUP(표1[[#This Row],[CAS No.]],[1]기초자료!$A:$C,3,FALSE)>=1000,"배출량조사 I 물질",""),""),"") | BF29: =IFERROR(IF(표1[[#This Row],[함량(W%)]]>=VLOOKUP(표1[[#This Row],[CAS No.]],[1]규제DB_산안법_금지물질!$B:$E,4,FALSE), VLOOKUP(표1[[#This Row],[CAS No.]],[1]규제DB_산안법_금지물질!$B:$E,2,FALSE)&" : "&VLOOKUP(표1[[#This Row],[CAS No.]],[1]규제DB_산안법_금지물질!$B:$E,3,FALSE)&" 인지 확인하세요",""),"") | BG29: =IFERROR(IF(표1[[#This Row],[함량(W%)]]>=VLOOKUP(표1[[#This Row],[CAS No.]],[1]규제DB_산안법_허가물질!$B:$E,4,FALSE), "제품 허가물질",""),"") | BH29: =IFERROR(IF(표1[[#This Row],[함량(W%)]]>=VLOOKUP(표1[[#This Row],[CAS No.]], [1]규제DB_산안법_특별관리물질!$B:$E,4,FALSE), "제품 특별관리물질",""),"") | BI29: =IFERROR(IF(표1[[#This Row],[함량(W%)]]>=VLOOKUP(표1[[#This Row],[CAS No.]], [1]규제DB_산안법_관리대상유해물질!$B:$E,4,FALSE), "제품 관리대상유해물질",""),"") | BJ29: =IFERROR(IF(표1[[#This Row],[CAS No.]]=VLOOKUP(표1[[#This Row],[CAS No.]], [1]규제DB_산안법_허용기준이하물질!$B:$D,1,FALSE),"제품 허용기준이하물질",""),"") | BK29: =IFERROR(VLOOKUP(표1[[#This Row],[CAS No.]], [1]규제DB_산안법_허용기준이하물질!$B:$D,3,FALSE),"") | BM29: =IFERROR(VLOOKUP(표1[[#This Row],[CAS No.]], [1]규제DB_산안법_노출기준설정물질!$B:$K,3,FALSE),"") | BN29: =IFERROR(VLOOKUP(표1[[#This Row],[CAS No.]], [1]규제DB_산안법_노출기준설정물질!$B:$K,4,FALSE),"") | BO29: =IFERROR(VLOOKUP(표1[[#This Row],[CAS No.]], [1]규제DB_산안법_노출기준설정물질!$B:$K,5,FALSE),"") | BP29: =IFERROR(VLOOKUP(표1[[#This Row],[CAS No.]], [1]규제DB_산안법_노출기준설정물질!$B:$K,7,FALSE),"") | BQ29: =IFERROR(VLOOKUP(표1[[#This Row],[CAS No.]], [1]규제DB_산안법_노출기준설정물질!$B:$K,8,FALSE),"") | BR29: =IFERROR(VLOOKUP(표1[[#This Row],[CAS No.]], [1]규제DB_산안법_노출기준설정물질!$B:$K,9,FALSE),"") | BS29: =IFERROR(VLOOKUP(표1[[#This Row],[CAS No.]], [1]규제DB_산안법_노출기준설정물질!$B:$K,10,FALSE),"") | BT29: =IFERROR(IF(표1[[#This Row],[함량(W%)]]>=VLOOKUP(표1[[#This Row],[CAS No.]], [1]규제DB_산안법_작업환경측정대상유해인자!$B:$F,5,FALSE), "제품 작업환경측정대상유해인자",""),"") | BU29: =IFERROR(IF(표1[[#This Row],[CAS No.]]=VLOOKUP(표1[[#This Row],[CAS No.]], [1]규제DB_산안법_특수건강진단대상유해인자!$B:$C,1,FALSE), "제품 특수건강진단대상유해인자",""),"") | BV29: =IFERROR(IF(VLOOKUP(표1[[#This Row],[CAS No.]],[1]규제DB_고용노동부고시_CMR!$B:$J,3,FALSE)="구분1A", IF(표1[[#This Row],[함량(W%)]]>=VLOOKUP(표1[[#This Row],[CAS No.]],[1]규제DB_고용노동부고시_CMR!$B:$J,4,FALSE),"제품 발암성물질",""), IF(VLOOKUP(표1[[#This Row],[CAS No.]],[1]규제DB_고용노동부고시_CMR!$B:$J,3,FALSE)="구분1B", IF(표1[[#This Row],[함량(W%)]]>=VLOOKUP(표1[[#This Row],[CAS No.]],[1]규제DB_고용노동부고시_CMR!$B:$J,4,FALSE),"제품 발암성물질",""), IF(VLOOKUP(표1[[#This Row],[CAS No.]],[1]규제DB_고용노동부고시_CMR!$B:$J,3,FALSE)="구분2", IF(표1[[#This Row],[함량(W%)]]>=VLOOKUP(표1[[#This Row],[CAS No.]],[1]규제DB_고용노동부고시_CMR!$B:$J,4,FALSE),"제품 발암성물질",""),""))),"") | BW29: =IFERROR(IF(VLOOKUP(표1[[#This Row],[CAS No.]],[1]규제DB_고용노동부고시_CMR!$B:$J,5,FALSE)="구분1A", IF(표1[[#This Row],[함량(W%)]]>=VLOOKUP(표1[[#This Row],[CAS No.]],[1]규제DB_고용노동부고시_CMR!$B:$J,6,FALSE),"제품 생식세포변이원성물질",""), IF(VLOOKUP(표1[[#This Row],[CAS No.]],[1]규제DB_고용노동부고시_CMR!$B:$J,5,FALSE)="구분1B", IF(표1[[#This Row],[함량(W%)]]>=VLOOKUP(표1[[#This Row],[CAS No.]],[1]규제DB_고용노동부고시_CMR!$B:$J,6,FALSE),"제품 생식세포변이원성물질",""), IF(VLOOKUP(표1[[#This Row],[CAS No.]],[1]규제DB_고용노동부고시_CMR!$B:$J,5,FALSE)="구분2", IF(표1[[#This Row],[함량(W%)]]>=VLOOKUP(표1[[#This Row],[CAS No.]],[1]규제DB_고용노동부고시_CMR!$B:$J,6,FALSE),"제품 생식세포변이원성물질",""),""))),"") | BX29: =IFERROR(IF(VLOOKUP(표1[[#This Row],[CAS No.]],[1]규제DB_고용노동부고시_CMR!$B:$J,7,FALSE)="구분1A", IF(표1[[#This Row],[함량(W%)]]>=VLOOKUP(표1[[#This Row],[CAS No.]],[1]규제DB_고용노동부고시_CMR!$B:$J,8,FALSE),"제품 생식독성물질",""), IF(VLOOKUP(표1[[#This Row],[CAS No.]],[1]규제DB_고용노동부고시_CMR!$B:$J,7,FALSE)="구분1B", IF(표1[[#This Row],[함량(W%)]]>=VLOOKUP(표1[[#This Row],[CAS No.]],[1]규제DB_고용노동부고시_CMR!$B:$J,8,FALSE),"제품 생식독성물질",""), IF(VLOOKUP(표1[[#This Row],[CAS No.]],[1]규제DB_고용노동부고시_CMR!$B:$J,7,FALSE)="구분2", IF(표1[[#This Row],[함량(W%)]]>=VLOOKUP(표1[[#This Row],[CAS No.]],[1]규제DB_고용노동부고시_CMR!$B:$J,8,FALSE),"제품 생식독성물질",""),""))),"") | BZ29: =IFERROR(IF(표1[[#This Row],[CAS No.]]=VLOOKUP(표1[[#This Row],[CAS No.]],[1]규제DB_고압법_독성가스!$B:$D,1,FALSE),"독성가스",""),"") | CA29: =IFERROR(IF(표1[[#This Row],[CAS No.]]=VLOOKUP(표1[[#This Row],[CAS No.]],[1]규제DB_고압법_가연성가스!$B:$D,1,FALSE),"가연성가스",""),"") | CB29: =IFERROR(IF(표1[[#This Row],[CAS No.]]=VLOOKUP(표1[[#This Row],[CAS No.]],[1]규제DB_고압법_특수고압가스!$B:$D,1,FALSE),"특수고압가스",""),"") | CC29: =IFERROR(IF(표1[[#This Row],[CAS No.]]=VLOOKUP(표1[[#This Row],[CAS No.]],[1]규제DB_고압법_특정고압가스!$B:$D,1,FALSE),"특정고압가스",""),"") | CD29: =IFERROR(IF(표1[[#This Row],[함량(W%)]]>=VLOOKUP(표1[[#This Row],[CAS No.]],[1]규제DB_화관법_개별취급기준!$B:$G,5,FALSE),VLOOKUP(표1[[#This Row],[CAS No.]],[1]규제DB_화관법_개별취급기준!$B:$G,6,FALSE),""),"")
A30: 29 | C30: 삼화당피앤티 | E30: NEW BEST ONE DRY | F30: 내자 | G30: O | H30: 윤전 | I30: 인쇄 | J30: 한국특수잉크공업 | K30: 한국특수잉크공업 | M30: 원부자재 | N30: 옵셋 윤전 인쇄용 | O30: 혼합물 | P30: 고체 | Q30: 18 | R30: 18 | U30: 18 | V30: 18 | W30: =표1[[#This Row],[자재코드]]&"_"&표1[[#This Row],[자재명]]&"_"&표1[[#This Row],[공급업체명]] -> _NEW BEST ONE DRY_한국특수잉크공업 | X30: C.I. 색소 황색 12(C.I. PIGMENT YELLOW 12) | AB30: 5 | AC30: 첨가제 | AD30: X | AE30: O | AF30: O | AH30: 6358-85-6 | AI30: =IFERROR(표1[[#This Row],[사용량(kg)]]*표1[[#This Row],[함량(W%)]]/100,"") -> 0.9 | AR30: =IFERROR(IF(표1[[#This Row],[함량(W%)]]>=VLOOKUP(표1[[#This Row],[CAS No.]],[1]규제DB_유해법_유독물!B:F,5,FALSE),"유독물질 제품",""),"") | AS30: =IFERROR(VLOOKUP(표1[[#This Row],[CAS No.]],[1]규제DB_유해법_금지물질!B:G,3,FALSE),"") | AT30: =IFERROR(VLOOKUP(표1[[#This Row],[CAS No.]],[1]규제DB_유해법_금지물질!B:G,4,FALSE)&" 인지 확인하세요","") | AU30: =IFERROR(VLOOKUP(표1[[#This Row],[CAS No.]],[1]규제DB_유해법_제한물질!B:G,3,FALSE),"") | AV30: =IFERROR(IF(표1[[#This Row],[함량(W%)]]>=VLOOKUP(표1[[#This Row],[CAS No.]],[1]규제DB_유해법_제한물질!$B:$G,5,FALSE),"제한 제품",""),"") | AW30: =IFERROR(VLOOKUP(표1[[#This Row],[CAS No.]],[1]규제DB_유해법_사고대비물질!B:J,2,FALSE),"") | AX30: =IFERROR(IF(표1[[#This Row],[함량(W%)]]>=VLOOKUP(표1[[#This Row],[CAS No.]],[1]규제DB_유해법_사고대비물질!$B:$J,4,FALSE),"사고대비물질 제품",""),"") | AY30: =IFERROR(VLOOKUP(표1[[#This Row],[CAS No.]],[1]규제DB_유해법_사고대비물질!$B:$J,5,FALSE),"") | AZ30: =IFERROR(VLOOKUP(표1[[#This Row],[CAS No.]],[1]규제DB_유해법_사고대비물질!$B:$J,6,FALSE),"") | BA30: =IFERROR(IF(표1[[#This Row],[함량(W%)]]>=VLOOKUP(표1[[#This Row],[CAS No.]],[1]규제DB_유해법_사고대비물질!$B:$J,4,FALSE),VLOOKUP(표1[[#This Row],[CAS No.]],[1]규제DB_유해법_사고대비물질!$B$2:$J$70,7,FALSE),""),"") | BB30: =IFERROR(IF(표1[[#This Row],[함량(W%)]]>=VLOOKUP(표1[[#This Row],[CAS No.]],[1]규제DB_유해법_사고대비물질!$B:$J,4,FALSE),VLOOKUP(표1[[#This Row],[CAS No.]],[1]규제DB_유해법_사고대비물질!$B$2:$J$70,8,FALSE),""),"") | BC30: =IFERROR(IF(표1[[#This Row],[함량(W%)]]>=VLOOKUP(표1[[#This Row],[CAS No.]],[1]규제DB_유해법_사고대비물질!$B:$J,4,FALSE),VLOOKUP(표1[[#This Row],[CAS No.]],[1]규제DB_유해법_사고대비물질!$B$2:$J$70,9,FALSE),""),"") | BD30: =IFERROR(IF(표1[[#This Row],[함량(W%)]]>=VLOOKUP(표1[[#This Row],[CAS No.]],'[1]규제DB_유해법_배출량조사 I'!$B:$D,3,FALSE),IF(VLOOKUP(표1[[#This Row],[CAS No.]],[1]기초자료!$A:$C,3,FALSE)>=1000,"배출량조사 I 물질",""),""),"") | BF30: =IFERROR(IF(표1[[#This Row],[함량(W%)]]>=VLOOKUP(표1[[#This Row],[CAS No.]],[1]규제DB_산안법_금지물질!$B:$E,4,FALSE), VLOOKUP(표1[[#This Row],[CAS No.]],[1]규제DB_산안법_금지물질!$B:$E,2,FALSE)&" : "&VLOOKUP(표1[[#This Row],[CAS No.]],[1]규제DB_산안법_금지물질!$B:$E,3,FALSE)&" 인지 확인하세요",""),"") | BG30: =IFERROR(IF(표1[[#This Row],[함량(W%)]]>=VLOOKUP(표1[[#This Row],[CAS No.]],[1]규제DB_산안법_허가물질!$B:$E,4,FALSE), "제품 허가물질",""),"") | BH30: =IFERROR(IF(표1[[#This Row],[함량(W%)]]>=VLOOKUP(표1[[#This Row],[CAS No.]], [1]규제DB_산안법_특별관리물질!$B:$E,4,FALSE), "제품 특별관리물질",""),"") | BI30: =IFERROR(IF(표1[[#This Row],[함량(W%)]]>=VLOOKUP(표1[[#This Row],[CAS No.]], [1]규제DB_산안법_관리대상유해물질!$B:$E,4,FALSE), "제품 관리대상유해물질",""),"") | BJ30: =IFERROR(IF(표1[[#This Row],[CAS No.]]=VLOOKUP(표1[[#This Row],[CAS No.]], [1]규제DB_산안법_허용기준이하물질!$B:$D,1,FALSE),"제품 허용기준이하물질",""),"") | BK30: =IFERROR(VLOOKUP(표1[[#This Row],[CAS No.]], [1]규제DB_산안법_허용기준이하물질!$B:$D,3,FALSE),"") | BM30: =IFERROR(VLOOKUP(표1[[#This Row],[CAS No.]], [1]규제DB_산안법_노출기준설정물질!$B:$K,3,FALSE),"") | BN30: =IFERROR(VLOOKUP(표1[[#This Row],[CAS No.]], [1]규제DB_산안법_노출기준설정물질!$B:$K,4,FALSE),"") | BO30: =IFERROR(VLOOKUP(표1[[#This Row],[CAS No.]], [1]규제DB_산안법_노출기준설정물질!$B:$K,5,FALSE),"") | BP30: =IFERROR(VLOOKUP(표1[[#This Row],[CAS No.]], [1]규제DB_산안법_노출기준설정물질!$B:$K,7,FALSE),"") | BQ30: =IFERROR(VLOOKUP(표1[[#This Row],[CAS No.]], [1]규제DB_산안법_노출기준설정물질!$B:$K,8,FALSE),"") | BR30: =IFERROR(VLOOKUP(표1[[#This Row],[CAS No.]], [1]규제DB_산안법_노출기준설정물질!$B:$K,9,FALSE),"") | BS30: =IFERROR(VLOOKUP(표1[[#This Row],[CAS No.]], [1]규제DB_산안법_노출기준설정물질!$B:$K,10,FALSE),"") | BT30: =IFERROR(IF(표1[[#This Row],[함량(W%)]]>=VLOOKUP(표1[[#This Row],[CAS No.]], [1]규제DB_산안법_작업환경측정대상유해인자!$B:$F,5,FALSE), "제품 작업환경측정대상유해인자",""),"") | BU30: =IFERROR(IF(표1[[#This Row],[CAS No.]]=VLOOKUP(표1[[#This Row],[CAS No.]], [1]규제DB_산안법_특수건강진단대상유해인자!$B:$C,1,FALSE), "제품 특수건강진단대상유해인자",""),"") | BV30: =IFERROR(IF(VLOOKUP(표1[[#This Row],[CAS No.]],[1]규제DB_고용노동부고시_CMR!$B:$J,3,FALSE)="구분1A", IF(표1[[#This Row],[함량(W%)]]>=VLOOKUP(표1[[#This Row],[CAS No.]],[1]규제DB_고용노동부고시_CMR!$B:$J,4,FALSE),"제품 발암성물질",""), IF(VLOOKUP(표1[[#This Row],[CAS No.]],[1]규제DB_고용노동부고시_CMR!$B:$J,3,FALSE)="구분1B", IF(표1[[#This Row],[함량(W%)]]>=VLOOKUP(표1[[#This Row],[CAS No.]],[1]규제DB_고용노동부고시_CMR!$B:$J,4,FALSE),"제품 발암성물질",""), IF(VLOOKUP(표1[[#This Row],[CAS No.]],[1]규제DB_고용노동부고시_CMR!$B:$J,3,FALSE)="구분2", IF(표1[[#This Row],[함량(W%)]]>=VLOOKUP(표1[[#This Row],[CAS No.]],[1]규제DB_고용노동부고시_CMR!$B:$J,4,FALSE),"제품 발암성물질",""),""))),"") | BW30: =IFERROR(IF(VLOOKUP(표1[[#This Row],[CAS No.]],[1]규제DB_고용노동부고시_CMR!$B:$J,5,FALSE)="구분1A", IF(표1[[#This Row],[함량(W%)]]>=VLOOKUP(표1[[#This Row],[CAS No.]],[1]규제DB_고용노동부고시_CMR!$B:$J,6,FALSE),"제품 생식세포변이원성물질",""), IF(VLOOKUP(표1[[#This Row],[CAS No.]],[1]규제DB_고용노동부고시_CMR!$B:$J,5,FALSE)="구분1B", IF(표1[[#This Row],[함량(W%)]]>=VLOOKUP(표1[[#This Row],[CAS No.]],[1]규제DB_고용노동부고시_CMR!$B:$J,6,FALSE),"제품 생식세포변이원성물질",""), IF(VLOOKUP(표1[[#This Row],[CAS No.]],[1]규제DB_고용노동부고시_CMR!$B:$J,5,FALSE)="구분2", IF(표1[[#This Row],[함량(W%)]]>=VLOOKUP(표1[[#This Row],[CAS No.]],[1]규제DB_고용노동부고시_CMR!$B:$J,6,FALSE),"제품 생식세포변이원성물질",""),""))),"") | BX30: =IFERROR(IF(VLOOKUP(표1[[#This Row],[CAS No.]],[1]규제DB_고용노동부고시_CMR!$B:$J,7,FALSE)="구분1A", IF(표1[[#This Row],[함량(W%)]]>=VLOOKUP(표1[[#This Row],[CAS No.]],[1]규제DB_고용노동부고시_CMR!$B:$J,8,FALSE),"제품 생식독성물질",""), IF(VLOOKUP(표1[[#This Row],[CAS No.]],[1]규제DB_고용노동부고시_CMR!$B:$J,7,FALSE)="구분1B", IF(표1[[#This Row],[함량(W%)]]>=VLOOKUP(표1[[#This Row],[CAS No.]],[1]규제DB_고용노동부고시_CMR!$B:$J,8,FALSE),"제품 생식독성물질",""), IF(VLOOKUP(표1[[#This Row],[CAS No.]],[1]규제DB_고용노동부고시_CMR!$B:$J,7,FALSE)="구분2", IF(표1[[#This Row],[함량(W%)]]>=VLOOKUP(표1[[#This Row],[CAS No.]],[1]규제DB_고용노동부고시_CMR!$B:$J,8,FALSE),"제품 생식독성물질",""),""))),"") | BZ30: =IFERROR(IF(표1[[#This Row],[CAS No.]]=VLOOKUP(표1[[#This Row],[CAS No.]],[1]규제DB_고압법_독성가스!$B:$D,1,FALSE),"독성가스",""),"") | CA30: =IFERROR(IF(표1[[#This Row],[CAS No.]]=VLOOKUP(표1[[#This Row],[CAS No.]],[1]규제DB_고압법_가연성가스!$B:$D,1,FALSE),"가연성가스",""),"") | CB30: =IFERROR(IF(표1[[#This Row],[CAS No.]]=VLOOKUP(표1[[#This Row],[CAS No.]],[1]규제DB_고압법_특수고압가스!$B:$D,1,FALSE),"특수고압가스",""),"") | CC30: =IFERROR(IF(표1[[#This Row],[CAS No.]]=VLOOKUP(표1[[#This Row],[CAS No.]],[1]규제DB_고압법_특정고압가스!$B:$D,1,FALSE),"특정고압가스",""),"") | CD30: =IFERROR(IF(표1[[#This Row],[함량(W%)]]>=VLOOKUP(표1[[#This Row],[CAS No.]],[1]규제DB_화관법_개별취급기준!$B:$G,5,FALSE),VLOOKUP(표1[[#This Row],[CAS No.]],[1]규제DB_화관법_개별취급기준!$B:$G,6,FALSE),""),"")
A31: 30 | C31: 삼화당피앤티 | E31: NEW BEST ONE DRY | F31: 내자 | G31: O | H31: 윤전 | I31: 인쇄 | J31: 한국특수잉크공업 | K31: 한국특수잉크공업 | M31: 원부자재 | N31: 옵셋 윤전 인쇄용 | O31: 혼합물 | P31: 액체 | Q31: 18 | R31: 18 | U31: 18 | V31: 18 | W31: =표1[[#This Row],[자재코드]]&"_"&표1[[#This Row],[자재명]]&"_"&표1[[#This Row],[공급업체명]] -> _NEW BEST ONE DRY_한국특수잉크공업 | X31: 수소처리된 경질 정제유 (석유)(DISTILLATES (PETROLEUM), HYDROTREATED LIGHT) | AB31: 20 | AC31: 첨가제 | AD31: X | AE31: O | AF31: O | AH31: 64742-47-8 | AI31: =IFERROR(표1[[#This Row],[사용량(kg)]]*표1[[#This Row],[함량(W%)]]/100,"") -> 3.6 | AR31: =IFERROR(IF(표1[[#This Row],[함량(W%)]]>=VLOOKUP(표1[[#This Row],[CAS No.]],[1]규제DB_유해법_유독물!B:F,5,FALSE),"유독물질 제품",""),"") | AS31: =IFERROR(VLOOKUP(표1[[#This Row],[CAS No.]],[1]규제DB_유해법_금지물질!B:G,3,FALSE),"") | AT31: =IFERROR(VLOOKUP(표1[[#This Row],[CAS No.]],[1]규제DB_유해법_금지물질!B:G,4,FALSE)&" 인지 확인하세요","") | AU31: =IFERROR(VLOOKUP(표1[[#This Row],[CAS No.]],[1]규제DB_유해법_제한물질!B:G,3,FALSE),"") | AV31: =IFERROR(IF(표1[[#This Row],[함량(W%)]]>=VLOOKUP(표1[[#This Row],[CAS No.]],[1]규제DB_유해법_제한물질!$B:$G,5,FALSE),"제한 제품",""),"") | AW31: =IFERROR(VLOOKUP(표1[[#This Row],[CAS No.]],[1]규제DB_유해법_사고대비물질!B:J,2,FALSE),"") | AX31: =IFERROR(IF(표1[[#This Row],[함량(W%)]]>=VLOOKUP(표1[[#This Row],[CAS No.]],[1]규제DB_유해법_사고대비물질!$B:$J,4,FALSE),"사고대비물질 제품",""),"") | AY31: =IFERROR(VLOOKUP(표1[[#This Row],[CAS No.]],[1]규제DB_유해법_사고대비물질!$B:$J,5,FALSE),"") | AZ31: =IFERROR(VLOOKUP(표1[[#This Row],[CAS No.]],[1]규제DB_유해법_사고대비물질!$B:$J,6,FALSE),"") | BA31: =IFERROR(IF(표1[[#This Row],[함량(W%)]]>=VLOOKUP(표1[[#This Row],[CAS No.]],[1]규제DB_유해법_사고대비물질!$B:$J,4,FALSE),VLOOKUP(표1[[#This Row],[CAS No.]],[1]규제DB_유해법_사고대비물질!$B$2:$J$70,7,FALSE),""),"") | BB31: =IFERROR(IF(표1[[#This Row],[함량(W%)]]>=VLOOKUP(표1[[#This Row],[CAS No.]],[1]규제DB_유해법_사고대비물질!$B:$J,4,FALSE),VLOOKUP(표1[[#This Row],[CAS No.]],[1]규제DB_유해법_사고대비물질!$B$2:$J$70,8,FALSE),""),"") | BC31: =IFERROR(IF(표1[[#This Row],[함량(W%)]]>=VLOOKUP(표1[[#This Row],[CAS No.]],[1]규제DB_유해법_사고대비물질!$B:$J,4,FALSE),VLOOKUP(표1[[#This Row],[CAS No.]],[1]규제DB_유해법_사고대비물질!$B$2:$J$70,9,FALSE),""),"") | BD31: =IFERROR(IF(표1[[#This Row],[함량(W%)]]>=VLOOKUP(표1[[#This Row],[CAS No.]],'[1]규제DB_유해법_배출량조사 I'!$B:$D,3,FALSE),IF(VLOOKUP(표1[[#This Row],[CAS No.]],[1]기초자료!$A:$C,3,FALSE)>=1000,"배출량조사 I 물질",""),""),"") | BF31: =IFERROR(IF(표1[[#This Row],[함량(W%)]]>=VLOOKUP(표1[[#This Row],[CAS No.]],[1]규제DB_산안법_금지물질!$B:$E,4,FALSE), VLOOKUP(표1[[#This Row],[CAS No.]],[1]규제DB_산안법_금지물질!$B:$E,2,FALSE)&" : "&VLOOKUP(표1[[#This Row],[CAS No.]],[1]규제DB_산안법_금지물질!$B:$E,3,FALSE)&" 인지 확인하세요",""),"") | BG31: =IFERROR(IF(표1[[#This Row],[함량(W%)]]>=VLOOKUP(표1[[#This Row],[CAS No.]],[1]규제DB_산안법_허가물질!$B:$E,4,FALSE), "제품 허가물질",""),"") | BH31: =IFERROR(IF(표1[[#This Row],[함량(W%)]]>=VLOOKUP(표1[[#This Row],[CAS No.]], [1]규제DB_산안법_특별관리물질!$B:$E,4,FALSE), "제품 특별관리물질",""),"") | BI31: =IFERROR(IF(표1[[#This Row],[함량(W%)]]>=VLOOKUP(표1[[#This Row],[CAS No.]], [1]규제DB_산안법_관리대상유해물질!$B:$E,4,FALSE), "제품 관리대상유해물질",""),"") | BJ31: =IFERROR(IF(표1[[#This Row],[CAS No.]]=VLOOKUP(표1[[#This Row],[CAS No.]], [1]규제DB_산안법_허용기준이하물질!$B:$D,1,FALSE),"제품 허용기준이하물질",""),"") | BK31: =IFERROR(VLOOKUP(표1[[#This Row],[CAS No.]], [1]규제DB_산안법_허용기준이하물질!$B:$D,3,FALSE),"") | BM31: =IFERROR(VLOOKUP(표1[[#This Row],[CAS No.]], [1]규제DB_산안법_노출기준설정물질!$B:$K,3,FALSE),"") | BN31: =IFERROR(VLOOKUP(표1[[#This Row],[CAS No.]], [1]규제DB_산안법_노출기준설정물질!$B:$K,4,FALSE),"") | BO31: =IFERROR(VLOOKUP(표1[[#This Row],[CAS No.]], [1]규제DB_산안법_노출기준설정물질!$B:$K,5,FALSE),"") | BP31: =IFERROR(VLOOKUP(표1[[#This Row],[CAS No.]], [1]규제DB_산안법_노출기준설정물질!$B:$K,7,FALSE),"") | BQ31: =IFERROR(VLOOKUP(표1[[#This Row],[CAS No.]], [1]규제DB_산안법_노출기준설정물질!$B:$K,8,FALSE),"") | BR31: =IFERROR(VLOOKUP(표1[[#This Row],[CAS No.]], [1]규제DB_산안법_노출기준설정물질!$B:$K,9,FALSE),"") | BS31: =IFERROR(VLOOKUP(표1[[#This Row],[CAS No.]], [1]규제DB_산안법_노출기준설정물질!$B:$K,10,FALSE),"") | BT31: =IFERROR(IF(표1[[#This Row],[함량(W%)]]>=VLOOKUP(표1[[#This Row],[CAS No.]], [1]규제DB_산안법_작업환경측정대상유해인자!$B:$F,5,FALSE), "제품 작업환경측정대상유해인자",""),"") | BU31: =IFERROR(IF(표1[[#This Row],[CAS No.]]=VLOOKUP(표1[[#This Row],[CAS No.]], [1]규제DB_산안법_특수건강진단대상유해인자!$B:$C,1,FALSE), "제품 특수건강진단대상유해인자",""),"") | BV31: =IFERROR(IF(VLOOKUP(표1[[#This Row],[CAS No.]],[1]규제DB_고용노동부고시_CMR!$B:$J,3,FALSE)="구분1A", IF(표1[[#This Row],[함량(W%)]]>=VLOOKUP(표1[[#This Row],[CAS No.]],[1]규제DB_고용노동부고시_CMR!$B:$J,4,FALSE),"제품 발암성물질",""), IF(VLOOKUP(표1[[#This Row],[CAS No.]],[1]규제DB_고용노동부고시_CMR!$B:$J,3,FALSE)="구분1B", IF(표1[[#This Row],[함량(W%)]]>=VLOOKUP(표1[[#This Row],[CAS No.]],[1]규제DB_고용노동부고시_CMR!$B:$J,4,FALSE),"제품 발암성물질",""), IF(VLOOKUP(표1[[#This Row],[CAS No.]],[1]규제DB_고용노동부고시_CMR!$B:$J,3,FALSE)="구분2", IF(표1[[#This Row],[함량(W%)]]>=VLOOKUP(표1[[#This Row],[CAS No.]],[1]규제DB_고용노동부고시_CMR!$B:$J,4,FALSE),"제품 발암성물질",""),""))),"") | BW31: =IFERROR(IF(VLOOKUP(표1[[#This Row],[CAS No.]],[1]규제DB_고용노동부고시_CMR!$B:$J,5,FALSE)="구분1A", IF(표1[[#This Row],[함량(W%)]]>=VLOOKUP(표1[[#This Row],[CAS No.]],[1]규제DB_고용노동부고시_CMR!$B:$J,6,FALSE),"제품 생식세포변이원성물질",""), IF(VLOOKUP(표1[[#This Row],[CAS No.]],[1]규제DB_고용노동부고시_CMR!$B:$J,5,FALSE)="구분1B", IF(표1[[#This Row],[함량(W%)]]>=VLOOKUP(표1[[#This Row],[CAS No.]],[1]규제DB_고용노동부고시_CMR!$B:$J,6,FALSE),"제품 생식세포변이원성물질",""), IF(VLOOKUP(표1[[#This Row],[CAS No.]],[1]규제DB_고용노동부고시_CMR!$B:$J,5,FALSE)="구분2", IF(표1[[#This Row],[함량(W%)]]>=VLOOKUP(표1[[#This Row],[CAS No.]],[1]규제DB_고용노동부고시_CMR!$B:$J,6,FALSE),"제품 생식세포변이원성물질",""),""))),"") | BX31: =IFERROR(IF(VLOOKUP(표1[[#This Row],[CAS No.]],[1]규제DB_고용노동부고시_CMR!$B:$J,7,FALSE)="구분1A", IF(표1[[#This Row],[함량(W%)]]>=VLOOKUP(표1[[#This Row],[CAS No.]],[1]규제DB_고용노동부고시_CMR!$B:$J,8,FALSE),"제품 생식독성물질",""), IF(VLOOKUP(표1[[#This Row],[CAS No.]],[1]규제DB_고용노동부고시_CMR!$B:$J,7,FALSE)="구분1B", IF(표1[[#This Row],[함량(W%)]]>=VLOOKUP(표1[[#This Row],[CAS No.]],[1]규제DB_고용노동부고시_CMR!$B:$J,8,FALSE),"제품 생식독성물질",""), IF(VLOOKUP(표1[[#This Row],[CAS No.]],[1]규제DB_고용노동부고시_CMR!$B:$J,7,FALSE)="구분2", IF(표1[[#This Row],[함량(W%)]]>=VLOOKUP(표1[[#This Row],[CAS No.]],[1]규제DB_고용노동부고시_CMR!$B:$J,8,FALSE),"제품 생식독성물질",""),""))),"") | BZ31: =IFERROR(IF(표1[[#This Row],[CAS No.]]=VLOOKUP(표1[[#This Row],[CAS No.]],[1]규제DB_고압법_독성가스!$B:$D,1,FALSE),"독성가스",""),"") | CA31: =IFERROR(IF(표1[[#This Row],[CAS No.]]=VLOOKUP(표1[[#This Row],[CAS No.]],[1]규제DB_고압법_가연성가스!$B:$D,1,FALSE),"가연성가스",""),"") | CB31: =IFERROR(IF(표1[[#This Row],[CAS No.]]=VLOOKUP(표1[[#This Row],[CAS No.]],[1]규제DB_고압법_특수고압가스!$B:$D,1,FALSE),"특수고압가스",""),"") | CC31: =IFERROR(IF(표1[[#This Row],[CAS No.]]=VLOOKUP(표1[[#This Row],[CAS No.]],[1]규제DB_고압법_특정고압가스!$B:$D,1,FALSE),"특정고압가스",""),"") | CD31: =IFERROR(IF(표1[[#This Row],[함량(W%)]]>=VLOOKUP(표1[[#This Row],[CAS No.]],[1]규제DB_화관법_개별취급기준!$B:$G,5,FALSE),VLOOKUP(표1[[#This Row],[CAS No.]],[1]규제DB_화관법_개별취급기준!$B:$G,6,FALSE),""),"")
A32: 31 | C32: 삼화당피앤티 | E32: NEW BEST ONE DRY | F32: 내자 | G32: O | H32: 윤전 | I32: 인쇄 | J32: 한국특수잉크공업 | K32: 한국특수잉크공업 | M32: 원부자재 | N32: 옵셋 윤전 인쇄용 | O32: 혼합물 | P32: 액체 | Q32: 18 | R32: 18 | U32: 18 | V32: 18 | W32: =표1[[#This Row],[자재코드]]&"_"&표1[[#This Row],[자재명]]&"_"&표1[[#This Row],[공급업체명]] -> _NEW BEST ONE DRY_한국특수잉크공업 | X32: 아마씨 기름(LINSEED OIL) | AB32: 15 | AC32: 첨가제 | AD32: X | AE32: O | AF32: O | AH32: 8001-26-1 | AI32: =IFERROR(표1[[#This Row],[사용량(kg)]]*표1[[#This Row],[함량(W%)]]/100,"") -> 2.7 | AR32: =IFERROR(IF(표1[[#This Row],[함량(W%)]]>=VLOOKUP(표1[[#This Row],[CAS No.]],[1]규제DB_유해법_유독물!B:F,5,FALSE),"유독물질 제품",""),"") | AS32: =IFERROR(VLOOKUP(표1[[#This Row],[CAS No.]],[1]규제DB_유해법_금지물질!B:G,3,FALSE),"") | AT32: =IFERROR(VLOOKUP(표1[[#This Row],[CAS No.]],[1]규제DB_유해법_금지물질!B:G,4,FALSE)&" 인지 확인하세요","") | AU32: =IFERROR(VLOOKUP(표1[[#This Row],[CAS No.]],[1]규제DB_유해법_제한물질!B:G,3,FALSE),"") | AV32: =IFERROR(IF(표1[[#This Row],[함량(W%)]]>=VLOOKUP(표1[[#This Row],[CAS No.]],[1]규제DB_유해법_제한물질!$B:$G,5,FALSE),"제한 제품",""),"") | AW32: =IFERROR(VLOOKUP(표1[[#This Row],[CAS No.]],[1]규제DB_유해법_사고대비물질!B:J,2,FALSE),"") | AX32: =IFERROR(IF(표1[[#This Row],[함량(W%)]]>=VLOOKUP(표1[[#This Row],[CAS No.]],[1]규제DB_유해법_사고대비물질!$B:$J,4,FALSE),"사고대비물질 제품",""),"") | AY32: =IFERROR(VLOOKUP(표1[[#This Row],[CAS No.]],[1]규제DB_유해법_사고대비물질!$B:$J,5,FALSE),"") | AZ32: =IFERROR(VLOOKUP(표1[[#This Row],[CAS No.]],[1]규제DB_유해법_사고대비물질!$B:$J,6,FALSE),"") | BA32: =IFERROR(IF(표1[[#This Row],[함량(W%)]]>=VLOOKUP(표1[[#This Row],[CAS No.]],[1]규제DB_유해법_사고대비물질!$B:$J,4,FALSE),VLOOKUP(표1[[#This Row],[CAS No.]],[1]규제DB_유해법_사고대비물질!$B$2:$J$70,7,FALSE),""),"") | BB32: =IFERROR(IF(표1[[#This Row],[함량(W%)]]>=VLOOKUP(표1[[#This Row],[CAS No.]],[1]규제DB_유해법_사고대비물질!$B:$J,4,FALSE),VLOOKUP(표1[[#This Row],[CAS No.]],[1]규제DB_유해법_사고대비물질!$B$2:$J$70,8,FALSE),""),"") | BC32: =IFERROR(IF(표1[[#This Row],[함량(W%)]]>=VLOOKUP(표1[[#This Row],[CAS No.]],[1]규제DB_유해법_사고대비물질!$B:$J,4,FALSE),VLOOKUP(표1[[#This Row],[CAS No.]],[1]규제DB_유해법_사고대비물질!$B$2:$J$70,9,FALSE),""),"") | BD32: =IFERROR(IF(표1[[#This Row],[함량(W%)]]>=VLOOKUP(표1[[#This Row],[CAS No.]],'[1]규제DB_유해법_배출량조사 I'!$B:$D,3,FALSE),IF(VLOOKUP(표1[[#This Row],[CAS No.]],[1]기초자료!$A:$C,3,FALSE)>=1000,"배출량조사 I 물질",""),""),"") | BF32: =IFERROR(IF(표1[[#This Row],[함량(W%)]]>=VLOOKUP(표1[[#This Row],[CAS No.]],[1]규제DB_산안법_금지물질!$B:$E,4,FALSE), VLOOKUP(표1[[#This Row],[CAS No.]],[1]규제DB_산안법_금지물질!$B:$E,2,FALSE)&" : "&VLOOKUP(표1[[#This Row],[CAS No.]],[1]규제DB_산안법_금지물질!$B:$E,3,FALSE)&" 인지 확인하세요",""),"") | BG32: =IFERROR(IF(표1[[#This Row],[함량(W%)]]>=VLOOKUP(표1[[#This Row],[CAS No.]],[1]규제DB_산안법_허가물질!$B:$E,4,FALSE), "제품 허가물질",""),"") | BH32: =IFERROR(IF(표1[[#This Row],[함량(W%)]]>=VLOOKUP(표1[[#This Row],[CAS No.]], [1]규제DB_산안법_특별관리물질!$B:$E,4,FALSE), "제품 특별관리물질",""),"") | BI32: =IFERROR(IF(표1[[#This Row],[함량(W%)]]>=VLOOKUP(표1[[#This Row],[CAS No.]], [1]규제DB_산안법_관리대상유해물질!$B:$E,4,FALSE), "제품 관리대상유해물질",""),"") | BJ32: =IFERROR(IF(표1[[#This Row],[CAS No.]]=VLOOKUP(표1[[#This Row],[CAS No.]], [1]규제DB_산안법_허용기준이하물질!$B:$D,1,FALSE),"제품 허용기준이하물질",""),"") | BK32: =IFERROR(VLOOKUP(표1[[#This Row],[CAS No.]], [1]규제DB_산안법_허용기준이하물질!$B:$D,3,FALSE),"") | BM32: =IFERROR(VLOOKUP(표1[[#This Row],[CAS No.]], [1]규제DB_산안법_노출기준설정물질!$B:$K,3,FALSE),"") | BN32: =IFERROR(VLOOKUP(표1[[#This Row],[CAS No.]], [1]규제DB_산안법_노출기준설정물질!$B:$K,4,FALSE),"") | BO32: =IFERROR(VLOOKUP(표1[[#This Row],[CAS No.]], [1]규제DB_산안법_노출기준설정물질!$B:$K,5,FALSE),"") | BP32: =IFERROR(VLOOKUP(표1[[#This Row],[CAS No.]], [1]규제DB_산안법_노출기준설정물질!$B:$K,7,FALSE),"") | BQ32: =IFERROR(VLOOKUP(표1[[#This Row],[CAS No.]], [1]규제DB_산안법_노출기준설정물질!$B:$K,8,FALSE),"") | BR32: =IFERROR(VLOOKUP(표1[[#This Row],[CAS No.]], [1]규제DB_산안법_노출기준설정물질!$B:$K,9,FALSE),"") | BS32: =IFERROR(VLOOKUP(표1[[#This Row],[CAS No.]], [1]규제DB_산안법_노출기준설정물질!$B:$K,10,FALSE),"") | BT32: =IFERROR(IF(표1[[#This Row],[함량(W%)]]>=VLOOKUP(표1[[#This Row],[CAS No.]], [1]규제DB_산안법_작업환경측정대상유해인자!$B:$F,5,FALSE), "제품 작업환경측정대상유해인자",""),"") | BU32: =IFERROR(IF(표1[[#This Row],[CAS No.]]=VLOOKUP(표1[[#This Row],[CAS No.]], [1]규제DB_산안법_특수건강진단대상유해인자!$B:$C,1,FALSE), "제품 특수건강진단대상유해인자",""),"") | BV32: =IFERROR(IF(VLOOKUP(표1[[#This Row],[CAS No.]],[1]규제DB_고용노동부고시_CMR!$B:$J,3,FALSE)="구분1A", IF(표1[[#This Row],[함량(W%)]]>=VLOOKUP(표1[[#This Row],[CAS No.]],[1]규제DB_고용노동부고시_CMR!$B:$J,4,FALSE),"제품 발암성물질",""), IF(VLOOKUP(표1[[#This Row],[CAS No.]],[1]규제DB_고용노동부고시_CMR!$B:$J,3,FALSE)="구분1B", IF(표1[[#This Row],[함량(W%)]]>=VLOOKUP(표1[[#This Row],[CAS No.]],[1]규제DB_고용노동부고시_CMR!$B:$J,4,FALSE),"제품 발암성물질",""), IF(VLOOKUP(표1[[#This Row],[CAS No.]],[1]규제DB_고용노동부고시_CMR!$B:$J,3,FALSE)="구분2", IF(표1[[#This Row],[함량(W%)]]>=VLOOKUP(표1[[#This Row],[CAS No.]],[1]규제DB_고용노동부고시_CMR!$B:$J,4,FALSE),"제품 발암성물질",""),""))),"") | BW32: =IFERROR(IF(VLOOKUP(표1[[#This Row],[CAS No.]],[1]규제DB_고용노동부고시_CMR!$B:$J,5,FALSE)="구분1A", IF(표1[[#This Row],[함량(W%)]]>=VLOOKUP(표1[[#This Row],[CAS No.]],[1]규제DB_고용노동부고시_CMR!$B:$J,6,FALSE),"제품 생식세포변이원성물질",""), IF(VLOOKUP(표1[[#This Row],[CAS No.]],[1]규제DB_고용노동부고시_CMR!$B:$J,5,FALSE)="구분1B", IF(표1[[#This Row],[함량(W%)]]>=VLOOKUP(표1[[#This Row],[CAS No.]],[1]규제DB_고용노동부고시_CMR!$B:$J,6,FALSE),"제품 생식세포변이원성물질",""), IF(VLOOKUP(표1[[#This Row],[CAS No.]],[1]규제DB_고용노동부고시_CMR!$B:$J,5,FALSE)="구분2", IF(표1[[#This Row],[함량(W%)]]>=VLOOKUP(표1[[#This Row],[CAS No.]],[1]규제DB_고용노동부고시_CMR!$B:$J,6,FALSE),"제품 생식세포변이원성물질",""),""))),"") | BX32: =IFERROR(IF(VLOOKUP(표1[[#This Row],[CAS No.]],[1]규제DB_고용노동부고시_CMR!$B:$J,7,FALSE)="구분1A", IF(표1[[#This Row],[함량(W%)]]>=VLOOKUP(표1[[#This Row],[CAS No.]],[1]규제DB_고용노동부고시_CMR!$B:$J,8,FALSE),"제품 생식독성물질",""), IF(VLOOKUP(표1[[#This Row],[CAS No.]],[1]규제DB_고용노동부고시_CMR!$B:$J,7,FALSE)="구분1B", IF(표1[[#This Row],[함량(W%)]]>=VLOOKUP(표1[[#This Row],[CAS No.]],[1]규제DB_고용노동부고시_CMR!$B:$J,8,FALSE),"제품 생식독성물질",""), IF(VLOOKUP(표1[[#This Row],[CAS No.]],[1]규제DB_고용노동부고시_CMR!$B:$J,7,FALSE)="구분2", IF(표1[[#This Row],[함량(W%)]]>=VLOOKUP(표1[[#This Row],[CAS No.]],[1]규제DB_고용노동부고시_CMR!$B:$J,8,FALSE),"제품 생식독성물질",""),""))),"") | BZ32: =IFERROR(IF(표1[[#This Row],[CAS No.]]=VLOOKUP(표1[[#This Row],[CAS No.]],[1]규제DB_고압법_독성가스!$B:$D,1,FALSE),"독성가스",""),"") | CA32: =IFERROR(IF(표1[[#This Row],[CAS No.]]=VLOOKUP(표1[[#This Row],[CAS No.]],[1]규제DB_고압법_가연성가스!$B:$D,1,FALSE),"가연성가스",""),"") | CB32: =IFERROR(IF(표1[[#This Row],[CAS No.]]=VLOOKUP(표1[[#This Row],[CAS No.]],[1]규제DB_고압법_특수고압가스!$B:$D,1,FALSE),"특수고압가스",""),"") | CC32: =IFERROR(IF(표1[[#This Row],[CAS No.]]=VLOOKUP(표1[[#This Row],[CAS No.]],[1]규제DB_고압법_특정고압가스!$B:$D,1,FALSE),"특정고압가스",""),"") | CD32: =IFERROR(IF(표1[[#This Row],[함량(W%)]]>=VLOOKUP(표1[[#This Row],[CAS No.]],[1]규제DB_화관법_개별취급기준!$B:$G,5,FALSE),VLOOKUP(표1[[#This Row],[CAS No.]],[1]규제DB_화관법_개별취급기준!$B:$G,6,FALSE),""),"")
A33: 32 | C33: 삼화당피앤티 | E33: NEW BEST ONE DRY | F33: 내자 | G33: O | H33: 윤전 | I33: 인쇄 | J33: 한국특수잉크공업 | K33: 한국특수잉크공업 | M33: 원부자재 | N33: 옵셋 윤전 인쇄용 | O33: 혼합물 | P33: 액체 | Q33: 18 | R33: 18 | U33: 18 | V33: 18 | W33: =표1[[#This Row],[자재코드]]&"_"&표1[[#This Row],[자재명]]&"_"&표1[[#This Row],[공급업체명]] -> _NEW BEST ONE DRY_한국특수잉크공업 | X33: 유동기름(TUNG OIL) | AB33: 1 | AC33: 첨가제 | AD33: X | AE33: O | AF33: O | AH33: 8001-20-5 | AI33: =IFERROR(표1[[#This Row],[사용량(kg)]]*표1[[#This Row],[함량(W%)]]/100,"") -> 0.18 | AR33: =IFERROR(IF(표1[[#This Row],[함량(W%)]]>=VLOOKUP(표1[[#This Row],[CAS No.]],[1]규제DB_유해법_유독물!B:F,5,FALSE),"유독물질 제품",""),"") | AS33: =IFERROR(VLOOKUP(표1[[#This Row],[CAS No.]],[1]규제DB_유해법_금지물질!B:G,3,FALSE),"") | AT33: =IFERROR(VLOOKUP(표1[[#This Row],[CAS No.]],[1]규제DB_유해법_금지물질!B:G,4,FALSE)&" 인지 확인하세요","") | AU33: =IFERROR(VLOOKUP(표1[[#This Row],[CAS No.]],[1]규제DB_유해법_제한물질!B:G,3,FALSE),"") | AV33: =IFERROR(IF(표1[[#This Row],[함량(W%)]]>=VLOOKUP(표1[[#This Row],[CAS No.]],[1]규제DB_유해법_제한물질!$B:$G,5,FALSE),"제한 제품",""),"") | AW33: =IFERROR(VLOOKUP(표1[[#This Row],[CAS No.]],[1]규제DB_유해법_사고대비물질!B:J,2,FALSE),"") | AX33: =IFERROR(IF(표1[[#This Row],[함량(W%)]]>=VLOOKUP(표1[[#This Row],[CAS No.]],[1]규제DB_유해법_사고대비물질!$B:$J,4,FALSE),"사고대비물질 제품",""),"") | AY33: =IFERROR(VLOOKUP(표1[[#This Row],[CAS No.]],[1]규제DB_유해법_사고대비물질!$B:$J,5,FALSE),"") | AZ33: =IFERROR(VLOOKUP(표1[[#This Row],[CAS No.]],[1]규제DB_유해법_사고대비물질!$B:$J,6,FALSE),"") | BA33: =IFERROR(IF(표1[[#This Row],[함량(W%)]]>=VLOOKUP(표1[[#This Row],[CAS No.]],[1]규제DB_유해법_사고대비물질!$B:$J,4,FALSE),VLOOKUP(표1[[#This Row],[CAS No.]],[1]규제DB_유해법_사고대비물질!$B$2:$J$70,7,FALSE),""),"") | BB33: =IFERROR(IF(표1[[#This Row],[함량(W%)]]>=VLOOKUP(표1[[#This Row],[CAS No.]],[1]규제DB_유해법_사고대비물질!$B:$J,4,FALSE),VLOOKUP(표1[[#This Row],[CAS No.]],[1]규제DB_유해법_사고대비물질!$B$2:$J$70,8,FALSE),""),"") | BC33: =IFERROR(IF(표1[[#This Row],[함량(W%)]]>=VLOOKUP(표1[[#This Row],[CAS No.]],[1]규제DB_유해법_사고대비물질!$B:$J,4,FALSE),VLOOKUP(표1[[#This Row],[CAS No.]],[1]규제DB_유해법_사고대비물질!$B$2:$J$70,9,FALSE),""),"") | BD33: =IFERROR(IF(표1[[#This Row],[함량(W%)]]>=VLOOKUP(표1[[#This Row],[CAS No.]],'[1]규제DB_유해법_배출량조사 I'!$B:$D,3,FALSE),IF(VLOOKUP(표1[[#This Row],[CAS No.]],[1]기초자료!$A:$C,3,FALSE)>=1000,"배출량조사 I 물질",""),""),"") | BF33: =IFERROR(IF(표1[[#This Row],[함량(W%)]]>=VLOOKUP(표1[[#This Row],[CAS No.]],[1]규제DB_산안법_금지물질!$B:$E,4,FALSE), VLOOKUP(표1[[#This Row],[CAS No.]],[1]규제DB_산안법_금지물질!$B:$E,2,FALSE)&" : "&VLOOKUP(표1[[#This Row],[CAS No.]],[1]규제DB_산안법_금지물질!$B:$E,3,FALSE)&" 인지 확인하세요",""),"") | BG33: =IFERROR(IF(표1[[#This Row],[함량(W%)]]>=VLOOKUP(표1[[#This Row],[CAS No.]],[1]규제DB_산안법_허가물질!$B:$E,4,FALSE), "제품 허가물질",""),"") | BH33: =IFERROR(IF(표1[[#This Row],[함량(W%)]]>=VLOOKUP(표1[[#This Row],[CAS No.]], [1]규제DB_산안법_특별관리물질!$B:$E,4,FALSE), "제품 특별관리물질",""),"") | BI33: =IFERROR(IF(표1[[#This Row],[함량(W%)]]>=VLOOKUP(표1[[#This Row],[CAS No.]], [1]규제DB_산안법_관리대상유해물질!$B:$E,4,FALSE), "제품 관리대상유해물질",""),"") | BJ33: =IFERROR(IF(표1[[#This Row],[CAS No.]]=VLOOKUP(표1[[#This Row],[CAS No.]], [1]규제DB_산안법_허용기준이하물질!$B:$D,1,FALSE),"제품 허용기준이하물질",""),"") | BK33: =IFERROR(VLOOKUP(표1[[#This Row],[CAS No.]], [1]규제DB_산안법_허용기준이하물질!$B:$D,3,FALSE),"") | BM33: =IFERROR(VLOOKUP(표1[[#This Row],[CAS No.]], [1]규제DB_산안법_노출기준설정물질!$B:$K,3,FALSE),"") | BN33: =IFERROR(VLOOKUP(표1[[#This Row],[CAS No.]], [1]규제DB_산안법_노출기준설정물질!$B:$K,4,FALSE),"") | BO33: =IFERROR(VLOOKUP(표1[[#This Row],[CAS No.]], [1]규제DB_산안법_노출기준설정물질!$B:$K,5,FALSE),"") | BP33: =IFERROR(VLOOKUP(표1[[#This Row],[CAS No.]], [1]규제DB_산안법_노출기준설정물질!$B:$K,7,FALSE),"") | BQ33: =IFERROR(VLOOKUP(표1[[#This Row],[CAS No.]], [1]규제DB_산안법_노출기준설정물질!$B:$K,8,FALSE),"") | BR33: =IFERROR(VLOOKUP(표1[[#This Row],[CAS No.]], [1]규제DB_산안법_노출기준설정물질!$B:$K,9,FALSE),"") | BS33: =IFERROR(VLOOKUP(표1[[#This Row],[CAS No.]], [1]규제DB_산안법_노출기준설정물질!$B:$K,10,FALSE),"") | BT33: =IFERROR(IF(표1[[#This Row],[함량(W%)]]>=VLOOKUP(표1[[#This Row],[CAS No.]], [1]규제DB_산안법_작업환경측정대상유해인자!$B:$F,5,FALSE), "제품 작업환경측정대상유해인자",""),"") | BU33: =IFERROR(IF(표1[[#This Row],[CAS No.]]=VLOOKUP(표1[[#This Row],[CAS No.]], [1]규제DB_산안법_특수건강진단대상유해인자!$B:$C,1,FALSE), "제품 특수건강진단대상유해인자",""),"") | BV33: =IFERROR(IF(VLOOKUP(표1[[#This Row],[CAS No.]],[1]규제DB_고용노동부고시_CMR!$B:$J,3,FALSE)="구분1A", IF(표1[[#This Row],[함량(W%)]]>=VLOOKUP(표1[[#This Row],[CAS No.]],[1]규제DB_고용노동부고시_CMR!$B:$J,4,FALSE),"제품 발암성물질",""), IF(VLOOKUP(표1[[#This Row],[CAS No.]],[1]규제DB_고용노동부고시_CMR!$B:$J,3,FALSE)="구분1B", IF(표1[[#This Row],[함량(W%)]]>=VLOOKUP(표1[[#This Row],[CAS No.]],[1]규제DB_고용노동부고시_CMR!$B:$J,4,FALSE),"제품 발암성물질",""), IF(VLOOKUP(표1[[#This Row],[CAS No.]],[1]규제DB_고용노동부고시_CMR!$B:$J,3,FALSE)="구분2", IF(표1[[#This Row],[함량(W%)]]>=VLOOKUP(표1[[#This Row],[CAS No.]],[1]규제DB_고용노동부고시_CMR!$B:$J,4,FALSE),"제품 발암성물질",""),""))),"") | BW33: =IFERROR(IF(VLOOKUP(표1[[#This Row],[CAS No.]],[1]규제DB_고용노동부고시_CMR!$B:$J,5,FALSE)="구분1A", IF(표1[[#This Row],[함량(W%)]]>=VLOOKUP(표1[[#This Row],[CAS No.]],[1]규제DB_고용노동부고시_CMR!$B:$J,6,FALSE),"제품 생식세포변이원성물질",""), IF(VLOOKUP(표1[[#This Row],[CAS No.]],[1]규제DB_고용노동부고시_CMR!$B:$J,5,FALSE)="구분1B", IF(표1[[#This Row],[함량(W%)]]>=VLOOKUP(표1[[#This Row],[CAS No.]],[1]규제DB_고용노동부고시_CMR!$B:$J,6,FALSE),"제품 생식세포변이원성물질",""), IF(VLOOKUP(표1[[#This Row],[CAS No.]],[1]규제DB_고용노동부고시_CMR!$B:$J,5,FALSE)="구분2", IF(표1[[#This Row],[함량(W%)]]>=VLOOKUP(표1[[#This Row],[CAS No.]],[1]규제DB_고용노동부고시_CMR!$B:$J,6,FALSE),"제품 생식세포변이원성물질",""),""))),"") | BX33: =IFERROR(IF(VLOOKUP(표1[[#This Row],[CAS No.]],[1]규제DB_고용노동부고시_CMR!$B:$J,7,FALSE)="구분1A", IF(표1[[#This Row],[함량(W%)]]>=VLOOKUP(표1[[#This Row],[CAS No.]],[1]규제DB_고용노동부고시_CMR!$B:$J,8,FALSE),"제품 생식독성물질",""), IF(VLOOKUP(표1[[#This Row],[CAS No.]],[1]규제DB_고용노동부고시_CMR!$B:$J,7,FALSE)="구분1B", IF(표1[[#This Row],[함량(W%)]]>=VLOOKUP(표1[[#This Row],[CAS No.]],[1]규제DB_고용노동부고시_CMR!$B:$J,8,FALSE),"제품 생식독성물질",""), IF(VLOOKUP(표1[[#This Row],[CAS No.]],[1]규제DB_고용노동부고시_CMR!$B:$J,7,FALSE)="구분2", IF(표1[[#This Row],[함량(W%)]]>=VLOOKUP(표1[[#This Row],[CAS No.]],[1]규제DB_고용노동부고시_CMR!$B:$J,8,FALSE),"제품 생식독성물질",""),""))),"") | BZ33: =IFERROR(IF(표1[[#This Row],[CAS No.]]=VLOOKUP(표1[[#This Row],[CAS No.]],[1]규제DB_고압법_독성가스!$B:$D,1,FALSE),"독성가스",""),"") | CA33: =IFERROR(IF(표1[[#This Row],[CAS No.]]=VLOOKUP(표1[[#This Row],[CAS No.]],[1]규제DB_고압법_가연성가스!$B:$D,1,FALSE),"가연성가스",""),"") | CB33: =IFERROR(IF(표1[[#This Row],[CAS No.]]=VLOOKUP(표1[[#This Row],[CAS No.]],[1]규제DB_고압법_특수고압가스!$B:$D,1,FALSE),"특수고압가스",""),"") | CC33: =IFERROR(IF(표1[[#This Row],[CAS No.]]=VLOOKUP(표1[[#This Row],[CAS No.]],[1]규제DB_고압법_특정고압가스!$B:$D,1,FALSE),"특정고압가스",""),"") | CD33: =IFERROR(IF(표1[[#This Row],[함량(W%)]]>=VLOOKUP(표1[[#This Row],[CAS No.]],[1]규제DB_화관법_개별취급기준!$B:$G,5,FALSE),VLOOKUP(표1[[#This Row],[CAS No.]],[1]규제DB_화관법_개별취급기준!$B:$G,6,FALSE),""),"")
A34: 33 | C34: 삼화당피앤티 | E34: BEST SG COMPOUND | F34: 내자 | G34: O | H34: 윤전 | I34: 인쇄 | J34: 한국특수잉크공업 | K34: 한국특수잉크공업 | M34: 원부자재 | N34: 옵셋 윤전 인쇄용 | O34: 혼합물 | P34: 액체 | Q34: 18 | R34: 18 | U34: 18 | V34: 18 | W34: =표1[[#This Row],[자재코드]]&"_"&표1[[#This Row],[자재명]]&"_"&표1[[#This Row],[공급업체명]] -> _BEST SG COMPOUND_한국특수잉크공업 | X34: 알루미늄 트리스테아린산(ALUMINUM TRISTEARATE) | AB34: 5 | AC34: 첨가제 | AD34: X | AE34: O | AF34: O | AH34: 637-12-7 | AI34: =IFERROR(표1[[#This Row],[사용량(kg)]]*표1[[#This Row],[함량(W%)]]/100,"") -> 0.9 | AR34: =IFERROR(IF(표1[[#This Row],[함량(W%)]]>=VLOOKUP(표1[[#This Row],[CAS No.]],[1]규제DB_유해법_유독물!B:F,5,FALSE),"유독물질 제품",""),"") | AS34: =IFERROR(VLOOKUP(표1[[#This Row],[CAS No.]],[1]규제DB_유해법_금지물질!B:G,3,FALSE),"") | AT34: =IFERROR(VLOOKUP(표1[[#This Row],[CAS No.]],[1]규제DB_유해법_금지물질!B:G,4,FALSE)&" 인지 확인하세요","") | AU34: =IFERROR(VLOOKUP(표1[[#This Row],[CAS No.]],[1]규제DB_유해법_제한물질!B:G,3,FALSE),"") | AV34: =IFERROR(IF(표1[[#This Row],[함량(W%)]]>=VLOOKUP(표1[[#This Row],[CAS No.]],[1]규제DB_유해법_제한물질!$B:$G,5,FALSE),"제한 제품",""),"") | AW34: =IFERROR(VLOOKUP(표1[[#This Row],[CAS No.]],[1]규제DB_유해법_사고대비물질!B:J,2,FALSE),"") | AX34: =IFERROR(IF(표1[[#This Row],[함량(W%)]]>=VLOOKUP(표1[[#This Row],[CAS No.]],[1]규제DB_유해법_사고대비물질!$B:$J,4,FALSE),"사고대비물질 제품",""),"") | AY34: =IFERROR(VLOOKUP(표1[[#This Row],[CAS No.]],[1]규제DB_유해법_사고대비물질!$B:$J,5,FALSE),"") | AZ34: =IFERROR(VLOOKUP(표1[[#This Row],[CAS No.]],[1]규제DB_유해법_사고대비물질!$B:$J,6,FALSE),"") | BA34: =IFERROR(IF(표1[[#This Row],[함량(W%)]]>=VLOOKUP(표1[[#This Row],[CAS No.]],[1]규제DB_유해법_사고대비물질!$B:$J,4,FALSE),VLOOKUP(표1[[#This Row],[CAS No.]],[1]규제DB_유해법_사고대비물질!$B$2:$J$70,7,FALSE),""),"") | BB34: =IFERROR(IF(표1[[#This Row],[함량(W%)]]>=VLOOKUP(표1[[#This Row],[CAS No.]],[1]규제DB_유해법_사고대비물질!$B:$J,4,FALSE),VLOOKUP(표1[[#This Row],[CAS No.]],[1]규제DB_유해법_사고대비물질!$B$2:$J$70,8,FALSE),""),"") | BC34: =IFERROR(IF(표1[[#This Row],[함량(W%)]]>=VLOOKUP(표1[[#This Row],[CAS No.]],[1]규제DB_유해법_사고대비물질!$B:$J,4,FALSE),VLOOKUP(표1[[#This Row],[CAS No.]],[1]규제DB_유해법_사고대비물질!$B$2:$J$70,9,FALSE),""),"") | BD34: =IFERROR(IF(표1[[#This Row],[함량(W%)]]>=VLOOKUP(표1[[#This Row],[CAS No.]],'[1]규제DB_유해법_배출량조사 I'!$B:$D,3,FALSE),IF(VLOOKUP(표1[[#This Row],[CAS No.]],[1]기초자료!$A:$C,3,FALSE)>=1000,"배출량조사 I 물질",""),""),"") | BF34: =IFERROR(IF(표1[[#This Row],[함량(W%)]]>=VLOOKUP(표1[[#This Row],[CAS No.]],[1]규제DB_산안법_금지물질!$B:$E,4,FALSE), VLOOKUP(표1[[#This Row],[CAS No.]],[1]규제DB_산안법_금지물질!$B:$E,2,FALSE)&" : "&VLOOKUP(표1[[#This Row],[CAS No.]],[1]규제DB_산안법_금지물질!$B:$E,3,FALSE)&" 인지 확인하세요",""),"") | BG34: =IFERROR(IF(표1[[#This Row],[함량(W%)]]>=VLOOKUP(표1[[#This Row],[CAS No.]],[1]규제DB_산안법_허가물질!$B:$E,4,FALSE), "제품 허가물질",""),"") | BH34: =IFERROR(IF(표1[[#This Row],[함량(W%)]]>=VLOOKUP(표1[[#This Row],[CAS No.]], [1]규제DB_산안법_특별관리물질!$B:$E,4,FALSE), "제품 특별관리물질",""),"") | BI34: =IFERROR(IF(표1[[#This Row],[함량(W%)]]>=VLOOKUP(표1[[#This Row],[CAS No.]], [1]규제DB_산안법_관리대상유해물질!$B:$E,4,FALSE), "제품 관리대상유해물질",""),"") | BJ34: =IFERROR(IF(표1[[#This Row],[CAS No.]]=VLOOKUP(표1[[#This Row],[CAS No.]], [1]규제DB_산안법_허용기준이하물질!$B:$D,1,FALSE),"제품 허용기준이하물질",""),"") | BK34: =IFERROR(VLOOKUP(표1[[#This Row],[CAS No.]], [1]규제DB_산안법_허용기준이하물질!$B:$D,3,FALSE),"") | BM34: =IFERROR(VLOOKUP(표1[[#This Row],[CAS No.]], [1]규제DB_산안법_노출기준설정물질!$B:$K,3,FALSE),"") | BN34: =IFERROR(VLOOKUP(표1[[#This Row],[CAS No.]], [1]규제DB_산안법_노출기준설정물질!$B:$K,4,FALSE),"") | BO34: =IFERROR(VLOOKUP(표1[[#This Row],[CAS No.]], [1]규제DB_산안법_노출기준설정물질!$B:$K,5,FALSE),"") | BP34: =IFERROR(VLOOKUP(표1[[#This Row],[CAS No.]], [1]규제DB_산안법_노출기준설정물질!$B:$K,7,FALSE),"") | BQ34: =IFERROR(VLOOKUP(표1[[#This Row],[CAS No.]], [1]규제DB_산안법_노출기준설정물질!$B:$K,8,FALSE),"") | BR34: =IFERROR(VLOOKUP(표1[[#This Row],[CAS No.]], [1]규제DB_산안법_노출기준설정물질!$B:$K,9,FALSE),"") | BS34: =IFERROR(VLOOKUP(표1[[#This Row],[CAS No.]], [1]규제DB_산안법_노출기준설정물질!$B:$K,10,FALSE),"") | BT34: =IFERROR(IF(표1[[#This Row],[함량(W%)]]>=VLOOKUP(표1[[#This Row],[CAS No.]], [1]규제DB_산안법_작업환경측정대상유해인자!$B:$F,5,FALSE), "제품 작업환경측정대상유해인자",""),"") | BU34: =IFERROR(IF(표1[[#This Row],[CAS No.]]=VLOOKUP(표1[[#This Row],[CAS No.]], [1]규제DB_산안법_특수건강진단대상유해인자!$B:$C,1,FALSE), "제품 특수건강진단대상유해인자",""),"") | BV34: =IFERROR(IF(VLOOKUP(표1[[#This Row],[CAS No.]],[1]규제DB_고용노동부고시_CMR!$B:$J,3,FALSE)="구분1A", IF(표1[[#This Row],[함량(W%)]]>=VLOOKUP(표1[[#This Row],[CAS No.]],[1]규제DB_고용노동부고시_CMR!$B:$J,4,FALSE),"제품 발암성물질",""), IF(VLOOKUP(표1[[#This Row],[CAS No.]],[1]규제DB_고용노동부고시_CMR!$B:$J,3,FALSE)="구분1B", IF(표1[[#This Row],[함량(W%)]]>=VLOOKUP(표1[[#This Row],[CAS No.]],[1]규제DB_고용노동부고시_CMR!$B:$J,4,FALSE),"제품 발암성물질",""), IF(VLOOKUP(표1[[#This Row],[CAS No.]],[1]규제DB_고용노동부고시_CMR!$B:$J,3,FALSE)="구분2", IF(표1[[#This Row],[함량(W%)]]>=VLOOKUP(표1[[#This Row],[CAS No.]],[1]규제DB_고용노동부고시_CMR!$B:$J,4,FALSE),"제품 발암성물질",""),""))),"") | BW34: =IFERROR(IF(VLOOKUP(표1[[#This Row],[CAS No.]],[1]규제DB_고용노동부고시_CMR!$B:$J,5,FALSE)="구분1A", IF(표1[[#This Row],[함량(W%)]]>=VLOOKUP(표1[[#This Row],[CAS No.]],[1]규제DB_고용노동부고시_CMR!$B:$J,6,FALSE),"제품 생식세포변이원성물질",""), IF(VLOOKUP(표1[[#This Row],[CAS No.]],[1]규제DB_고용노동부고시_CMR!$B:$J,5,FALSE)="구분1B", IF(표1[[#This Row],[함량(W%)]]>=VLOOKUP(표1[[#This Row],[CAS No.]],[1]규제DB_고용노동부고시_CMR!$B:$J,6,FALSE),"제품 생식세포변이원성물질",""), IF(VLOOKUP(표1[[#This Row],[CAS No.]],[1]규제DB_고용노동부고시_CMR!$B:$J,5,FALSE)="구분2", IF(표1[[#This Row],[함량(W%)]]>=VLOOKUP(표1[[#This Row],[CAS No.]],[1]규제DB_고용노동부고시_CMR!$B:$J,6,FALSE),"제품 생식세포변이원성물질",""),""))),"") | BX34: =IFERROR(IF(VLOOKUP(표1[[#This Row],[CAS No.]],[1]규제DB_고용노동부고시_CMR!$B:$J,7,FALSE)="구분1A", IF(표1[[#This Row],[함량(W%)]]>=VLOOKUP(표1[[#This Row],[CAS No.]],[1]규제DB_고용노동부고시_CMR!$B:$J,8,FALSE),"제품 생식독성물질",""), IF(VLOOKUP(표1[[#This Row],[CAS No.]],[1]규제DB_고용노동부고시_CMR!$B:$J,7,FALSE)="구분1B", IF(표1[[#This Row],[함량(W%)]]>=VLOOKUP(표1[[#This Row],[CAS No.]],[1]규제DB_고용노동부고시_CMR!$B:$J,8,FALSE),"제품 생식독성물질",""), IF(VLOOKUP(표1[[#This Row],[CAS No.]],[1]규제DB_고용노동부고시_CMR!$B:$J,7,FALSE)="구분2", IF(표1[[#This Row],[함량(W%)]]>=VLOOKUP(표1[[#This Row],[CAS No.]],[1]규제DB_고용노동부고시_CMR!$B:$J,8,FALSE),"제품 생식독성물질",""),""))),"") | BZ34: =IFERROR(IF(표1[[#This Row],[CAS No.]]=VLOOKUP(표1[[#This Row],[CAS No.]],[1]규제DB_고압법_독성가스!$B:$D,1,FALSE),"독성가스",""),"") | CA34: =IFERROR(IF(표1[[#This Row],[CAS No.]]=VLOOKUP(표1[[#This Row],[CAS No.]],[1]규제DB_고압법_가연성가스!$B:$D,1,FALSE),"가연성가스",""),"") | CB34: =IFERROR(IF(표1[[#This Row],[CAS No.]]=VLOOKUP(표1[[#This Row],[CAS No.]],[1]규제DB_고압법_특수고압가스!$B:$D,1,FALSE),"특수고압가스",""),"") | CC34: =IFERROR(IF(표1[[#This Row],[CAS No.]]=VLOOKUP(표1[[#This Row],[CAS No.]],[1]규제DB_고압법_특정고압가스!$B:$D,1,FALSE),"특정고압가스",""),"") | CD34: =IFERROR(IF(표1[[#This Row],[함량(W%)]]>=VLOOKUP(표1[[#This Row],[CAS No.]],[1]규제DB_화관법_개별취급기준!$B:$G,5,FALSE),VLOOKUP(표1[[#This Row],[CAS No.]],[1]규제DB_화관법_개별취급기준!$B:$G,6,FALSE),""),"")
A35: 34 | C35: 삼화당피앤티 | E35: BEST SG COMPOUND | F35: 내자 | G35: O | H35: 윤전 | I35: 인쇄 | J35: 한국특수잉크공업 | K35: 한국특수잉크공업 | M35: 원부자재 | N35: 옵셋 윤전 인쇄용 | O35: 혼합물 | P35: 액체 | Q35: 18 | R35: 18 | U35: 18 | V35: 18 | W35: =표1[[#This Row],[자재코드]]&"_"&표1[[#This Row],[자재명]]&"_"&표1[[#This Row],[공급업체명]] -> _BEST SG COMPOUND_한국특수잉크공업 | X35: 수소처리된 경질 파라핀 정제유 (석유)(DISTILLATES (PETROLEUM), HYDROTREATED LIGHT PARAFFINIC) | AB35: 80 | AC35: 첨가제 | AD35: X | AE35: O | AF35: O | AH35: 64742-55-8 | AI35: =IFERROR(표1[[#This Row],[사용량(kg)]]*표1[[#This Row],[함량(W%)]]/100,"") -> 14.4 | AR35: =IFERROR(IF(표1[[#This Row],[함량(W%)]]>=VLOOKUP(표1[[#This Row],[CAS No.]],[1]규제DB_유해법_유독물!B:F,5,FALSE),"유독물질 제품",""),"") | AS35: =IFERROR(VLOOKUP(표1[[#This Row],[CAS No.]],[1]규제DB_유해법_금지물질!B:G,3,FALSE),"") | AT35: =IFERROR(VLOOKUP(표1[[#This Row],[CAS No.]],[1]규제DB_유해법_금지물질!B:G,4,FALSE)&" 인지 확인하세요","") | AU35: =IFERROR(VLOOKUP(표1[[#This Row],[CAS No.]],[1]규제DB_유해법_제한물질!B:G,3,FALSE),"") | AV35: =IFERROR(IF(표1[[#This Row],[함량(W%)]]>=VLOOKUP(표1[[#This Row],[CAS No.]],[1]규제DB_유해법_제한물질!$B:$G,5,FALSE),"제한 제품",""),"") | AW35: =IFERROR(VLOOKUP(표1[[#This Row],[CAS No.]],[1]규제DB_유해법_사고대비물질!B:J,2,FALSE),"") | AX35: =IFERROR(IF(표1[[#This Row],[함량(W%)]]>=VLOOKUP(표1[[#This Row],[CAS No.]],[1]규제DB_유해법_사고대비물질!$B:$J,4,FALSE),"사고대비물질 제품",""),"") | AY35: =IFERROR(VLOOKUP(표1[[#This Row],[CAS No.]],[1]규제DB_유해법_사고대비물질!$B:$J,5,FALSE),"") | AZ35: =IFERROR(VLOOKUP(표1[[#This Row],[CAS No.]],[1]규제DB_유해법_사고대비물질!$B:$J,6,FALSE),"") | BA35: =IFERROR(IF(표1[[#This Row],[함량(W%)]]>=VLOOKUP(표1[[#This Row],[CAS No.]],[1]규제DB_유해법_사고대비물질!$B:$J,4,FALSE),VLOOKUP(표1[[#This Row],[CAS No.]],[1]규제DB_유해법_사고대비물질!$B$2:$J$70,7,FALSE),""),"") | BB35: =IFERROR(IF(표1[[#This Row],[함량(W%)]]>=VLOOKUP(표1[[#This Row],[CAS No.]],[1]규제DB_유해법_사고대비물질!$B:$J,4,FALSE),VLOOKUP(표1[[#This Row],[CAS No.]],[1]규제DB_유해법_사고대비물질!$B$2:$J$70,8,FALSE),""),"") | BC35: =IFERROR(IF(표1[[#This Row],[함량(W%)]]>=VLOOKUP(표1[[#This Row],[CAS No.]],[1]규제DB_유해법_사고대비물질!$B:$J,4,FALSE),VLOOKUP(표1[[#This Row],[CAS No.]],[1]규제DB_유해법_사고대비물질!$B$2:$J$70,9,FALSE),""),"") | BD35: =IFERROR(IF(표1[[#This Row],[함량(W%)]]>=VLOOKUP(표1[[#This Row],[CAS No.]],'[1]규제DB_유해법_배출량조사 I'!$B:$D,3,FALSE),IF(VLOOKUP(표1[[#This Row],[CAS No.]],[1]기초자료!$A:$C,3,FALSE)>=1000,"배출량조사 I 물질",""),""),"") | BF35: =IFERROR(IF(표1[[#This Row],[함량(W%)]]>=VLOOKUP(표1[[#This Row],[CAS No.]],[1]규제DB_산안법_금지물질!$B:$E,4,FALSE), VLOOKUP(표1[[#This Row],[CAS No.]],[1]규제DB_산안법_금지물질!$B:$E,2,FALSE)&" : "&VLOOKUP(표1[[#This Row],[CAS No.]],[1]규제DB_산안법_금지물질!$B:$E,3,FALSE)&" 인지 확인하세요",""),"") | BG35: =IFERROR(IF(표1[[#This Row],[함량(W%)]]>=VLOOKUP(표1[[#This Row],[CAS No.]],[1]규제DB_산안법_허가물질!$B:$E,4,FALSE), "제품 허가물질",""),"") | BH35: =IFERROR(IF(표1[[#This Row],[함량(W%)]]>=VLOOKUP(표1[[#This Row],[CAS No.]], [1]규제DB_산안법_특별관리물질!$B:$E,4,FALSE), "제품 특별관리물질",""),"") | BI35: =IFERROR(IF(표1[[#This Row],[함량(W%)]]>=VLOOKUP(표1[[#This Row],[CAS No.]], [1]규제DB_산안법_관리대상유해물질!$B:$E,4,FALSE), "제품 관리대상유해물질",""),"") | BJ35: =IFERROR(IF(표1[[#This Row],[CAS No.]]=VLOOKUP(표1[[#This Row],[CAS No.]], [1]규제DB_산안법_허용기준이하물질!$B:$D,1,FALSE),"제품 허용기준이하물질",""),"") | BK35: =IFERROR(VLOOKUP(표1[[#This Row],[CAS No.]], [1]규제DB_산안법_허용기준이하물질!$B:$D,3,FALSE),"") | BM35: =IFERROR(VLOOKUP(표1[[#This Row],[CAS No.]], [1]규제DB_산안법_노출기준설정물질!$B:$K,3,FALSE),"") | BN35: =IFERROR(VLOOKUP(표1[[#This Row],[CAS No.]], [1]규제DB_산안법_노출기준설정물질!$B:$K,4,FALSE),"") | BO35: =IFERROR(VLOOKUP(표1[[#This Row],[CAS No.]], [1]규제DB_산안법_노출기준설정물질!$B:$K,5,FALSE),"") | BP35: =IFERROR(VLOOKUP(표1[[#This Row],[CAS No.]], [1]규제DB_산안법_노출기준설정물질!$B:$K,7,FALSE),"") | BQ35: =IFERROR(VLOOKUP(표1[[#This Row],[CAS No.]], [1]규제DB_산안법_노출기준설정물질!$B:$K,8,FALSE),"") | BR35: =IFERROR(VLOOKUP(표1[[#This Row],[CAS No.]], [1]규제DB_산안법_노출기준설정물질!$B:$K,9,FALSE),"") | BS35: =IFERROR(VLOOKUP(표1[[#This Row],[CAS No.]], [1]규제DB_산안법_노출기준설정물질!$B:$K,10,FALSE),"") | BT35: =IFERROR(IF(표1[[#This Row],[함량(W%)]]>=VLOOKUP(표1[[#This Row],[CAS No.]], [1]규제DB_산안법_작업환경측정대상유해인자!$B:$F,5,FALSE), "제품 작업환경측정대상유해인자",""),"") | BU35: =IFERROR(IF(표1[[#This Row],[CAS No.]]=VLOOKUP(표1[[#This Row],[CAS No.]], [1]규제DB_산안법_특수건강진단대상유해인자!$B:$C,1,FALSE), "제품 특수건강진단대상유해인자",""),"") | BV35: =IFERROR(IF(VLOOKUP(표1[[#This Row],[CAS No.]],[1]규제DB_고용노동부고시_CMR!$B:$J,3,FALSE)="구분1A", IF(표1[[#This Row],[함량(W%)]]>=VLOOKUP(표1[[#This Row],[CAS No.]],[1]규제DB_고용노동부고시_CMR!$B:$J,4,FALSE),"제품 발암성물질",""), IF(VLOOKUP(표1[[#This Row],[CAS No.]],[1]규제DB_고용노동부고시_CMR!$B:$J,3,FALSE)="구분1B", IF(표1[[#This Row],[함량(W%)]]>=VLOOKUP(표1[[#This Row],[CAS No.]],[1]규제DB_고용노동부고시_CMR!$B:$J,4,FALSE),"제품 발암성물질",""), IF(VLOOKUP(표1[[#This Row],[CAS No.]],[1]규제DB_고용노동부고시_CMR!$B:$J,3,FALSE)="구분2", IF(표1[[#This Row],[함량(W%)]]>=VLOOKUP(표1[[#This Row],[CAS No.]],[1]규제DB_고용노동부고시_CMR!$B:$J,4,FALSE),"제품 발암성물질",""),""))),"") | BW35: =IFERROR(IF(VLOOKUP(표1[[#This Row],[CAS No.]],[1]규제DB_고용노동부고시_CMR!$B:$J,5,FALSE)="구분1A", IF(표1[[#This Row],[함량(W%)]]>=VLOOKUP(표1[[#This Row],[CAS No.]],[1]규제DB_고용노동부고시_CMR!$B:$J,6,FALSE),"제품 생식세포변이원성물질",""), IF(VLOOKUP(표1[[#This Row],[CAS No.]],[1]규제DB_고용노동부고시_CMR!$B:$J,5,FALSE)="구분1B", IF(표1[[#This Row],[함량(W%)]]>=VLOOKUP(표1[[#This Row],[CAS No.]],[1]규제DB_고용노동부고시_CMR!$B:$J,6,FALSE),"제품 생식세포변이원성물질",""), IF(VLOOKUP(표1[[#This Row],[CAS No.]],[1]규제DB_고용노동부고시_CMR!$B:$J,5,FALSE)="구분2", IF(표1[[#This Row],[함량(W%)]]>=VLOOKUP(표1[[#This Row],[CAS No.]],[1]규제DB_고용노동부고시_CMR!$B:$J,6,FALSE),"제품 생식세포변이원성물질",""),""))),"") | BX35: =IFERROR(IF(VLOOKUP(표1[[#This Row],[CAS No.]],[1]규제DB_고용노동부고시_CMR!$B:$J,7,FALSE)="구분1A", IF(표1[[#This Row],[함량(W%)]]>=VLOOKUP(표1[[#This Row],[CAS No.]],[1]규제DB_고용노동부고시_CMR!$B:$J,8,FALSE),"제품 생식독성물질",""), IF(VLOOKUP(표1[[#This Row],[CAS No.]],[1]규제DB_고용노동부고시_CMR!$B:$J,7,FALSE)="구분1B", IF(표1[[#This Row],[함량(W%)]]>=VLOOKUP(표1[[#This Row],[CAS No.]],[1]규제DB_고용노동부고시_CMR!$B:$J,8,FALSE),"제품 생식독성물질",""), IF(VLOOKUP(표1[[#This Row],[CAS No.]],[1]규제DB_고용노동부고시_CMR!$B:$J,7,FALSE)="구분2", IF(표1[[#This Row],[함량(W%)]]>=VLOOKUP(표1[[#This Row],[CAS No.]],[1]규제DB_고용노동부고시_CMR!$B:$J,8,FALSE),"제품 생식독성물질",""),""))),"") | BZ35: =IFERROR(IF(표1[[#This Row],[CAS No.]]=VLOOKUP(표1[[#This Row],[CAS No.]],[1]규제DB_고압법_독성가스!$B:$D,1,FALSE),"독성가스",""),"") | CA35: =IFERROR(IF(표1[[#This Row],[CAS No.]]=VLOOKUP(표1[[#This Row],[CAS No.]],[1]규제DB_고압법_가연성가스!$B:$D,1,FALSE),"가연성가스",""),"") | CB35: =IFERROR(IF(표1[[#This Row],[CAS No.]]=VLOOKUP(표1[[#This Row],[CAS No.]],[1]규제DB_고압법_특수고압가스!$B:$D,1,FALSE),"특수고압가스",""),"") | CC35: =IFERROR(IF(표1[[#This Row],[CAS No.]]=VLOOKUP(표1[[#This Row],[CAS No.]],[1]규제DB_고압법_특정고압가스!$B:$D,1,FALSE),"특정고압가스",""),"") | CD35: =IFERROR(IF(표1[[#This Row],[함량(W%)]]>=VLOOKUP(표1[[#This Row],[CAS No.]],[1]규제DB_화관법_개별취급기준!$B:$G,5,FALSE),VLOOKUP(표1[[#This Row],[CAS No.]],[1]규제DB_화관법_개별취급기준!$B:$G,6,FALSE),""),"")
